一不小心,1
一手遮天,2
一文不值,3
一毛不拔,3
一成不變,3
一波三折,3
一直亮不滅,3
一怒之下,3
一挖再挖,1
一氣之下,3
一場空,2
一無所有,3
一無所長,3
一無是處,3
一塌糊塗,3
一團漆黑,2
一團糟,1
一窩蜂,1
一暴十寒,3
一樣產生,1
一髮千鈞,2
一顆老鼠屎壞了一鍋粥,3
一擲千金,3
一觸即潰,2
七零八落,2
七竅生煙,2
了不起,1
人不知，鬼不覺,3
人不為己，天誅地滅,3
人行問題,1
人行道凹洞,1
人行道凹槽,1
人行道地面高低,1
人行道困難,1
人行道坎坷,1
人行道坑洞,1
人行道前後高低,1
人行道時積水,1
人行道根本,1
人行道破洞,1
人行道破爛,1
人行道缺口,1
人行道嚴重不足,2
人形路障,1
人身危險,1
人身安全,1
人身安危,1
人身安危問題,1
人身攻擊,2
人身財產,1
人為財死，鳥為食亡,3
人員惡意,2
入口處都會積水,1
刁蠻,2
刁鑽,2
三天打魚兩天曬網,3
三心二意,1
三寶,1
上下落差,1
上述缺失,1
下雨天化糞池積水,2
下雨天汙水,1
下雨天坑洞,1
下雨天常會積水,1
下雨天都會積水,2
下雨天積水,2
下雨天積水情形,1
下流,3
下陷,1
下等,3
下賤,3
千金一擲,1
千鈞一髮,1
千瘡百孔,2
千篇一律,1
千變萬化,2
口是心非,3
口蜜腹劍,3
土地產權糾紛,2
土地錯誤,1
土地屬性疑義,1
土氣,1
土得掉渣,3
土裡土氣,3
大大的坑洞,1
大片積水情形,1
大失所望,3
大正街路口坑洞,1
大吃一驚,1
大地震,3
大坑洞,2
大坑疤,2
大災難,2
大阻塞,1
大雨路面積水,2
大型路障,2
大家危險,2
大浩劫,2
大海撈針,1
大缺口,2
大動肝火,3
大問題,2
大樓住戶生命,1
大樓住戶睡眠,1
大樓住戶機車,1
大噪音,1
大樹樹頭,1
大樹斷根,1
大錯特錯,3
大驚失色,3
孑然一身,3
寸草不生,2
小肚雞腸,3
小家子氣,3
小氣,2
小破洞,1
小缺,1
小缺口,1
小臭味,1
小疏忽,1
小,1
小落差,1
小擦傷,1
山搖地動,1
山窮水盡,1
工程時噪音,1
工程噪音,2
已多天,2
已多日,2
已多日故障,2
已多年,2
已多年都,2
已空閒,1
已非第,1
已故障,1
已故障多日,2
已約數月,3
已破洞,1
已崩壞,1
已被,1
已損壞,1
才不見了,1
才錯愕,1
不一致,1
不人道,1
不三不四,2
不大重要,1
不才,1
不才員工,1
不中用,1
不仁不義,1
不公,1
不公正,3
不分青紅皂白,3
不切實際,3
不友好,1
不友善,1
不少民怨,2
不文明,1
不文雅,1
不方便,1
不以為然,3
不可一世,2
不可收拾,2
不可行,1
不可告人,1
不可更新,1
不可恢復,1
不可容忍,2
不可挽回,2
不可接受,1
不可救藥,2
不可理喻,2
不可愛,1
不可補救,1
不可逾越,3
不可讀,1
不巧,1
不平,1
不平害,1
不平問題,1
不平產生,1
不平等,2
不平落差,1
不平導致,1
不平整,1
不平衡,1
不打緊,1
不正直,2
不正派,3
不正常,2
不正當,2
不民主,1
不甘心,1
不光明,1
不光彩,1
不划算,1
不合宜,1
不合法,1
不合時令,1
不合時宜,1
不合格,1
不合情理,1
不合理,1
不合語法,1
不合適,1
不合邏輯,1
不同意,1
不名譽,1
不好用,1
不好吃,1
不好使,1
不好客,1
不好看,1
不好意思,1
不好意思反應,1
不好意思來信,1
不好過,1
不好賣,1
不好聽,1
不安不便,1
不成功,1
不成材,1
不成樣子,1
不成熟,1
不成體統,1
不死心,1
不行,1
不冷不熱,2
不利,1
不利身,1
不利車輛,1
不利兒童,1
不利長者,1
不利排水,1
不利輪椅,1
不努力,1
不均勻,1
不妙,1
不妥,1
不孝,3
不肖,2
不肖人,2
不肖人士,3
不肖中古車,2
不肖市民,2
不肖車,2
不肖業者,3
不良,1
不良人士,3
不良分子,3
不良引發,1
不良市民,2
不良民眾,2
不良示範,2
不良危險,2
不良地主,2
不良改善,1
不良所,1
不良枝,1
不良狀況,1
不良阻塞,1
不良原因,1
不良案例,2
不良問題,1
不良情形,1
不良情況,1
不良設計,2
不良發展,1
不良感受,2
不良補丁,1
不良路,1
不良路面,1
不良路障,1
不良疑慮,1
不良廠商,3
不良緣故,1
不良輪椅,1
不良導致,2
不良頻寬,1
不良觀感,2
不見派員,1
不言而喻,2
不足情況,1
不足掛齒,2
不佳,1
不協調,1
不受重視,3
不受歡迎,1
不周到,1
不和,1
不和諧,1
不和藹,1
不定時會,1
不宜,1
不宜居住,2
不宜說出口,2
不幸,1
不忠,1
不忠誠,1
不明不白,1
不明智,1
不明顯,1
不易,1
不易安全,2
不易情形,1
不易情事,1
不易被,1
不武斷,1
不法,1
不法人士,3
不法份子,3
不法利益者,3
不法事件,3
不法保障,2
不法區域,3
不法情事,3
不法設置,2
不注意,1
不近人情,2
不近情理,2
不亮,1
不便,1
不便人士,1
不便人員,1
不便年紀,1
不便老人,2
不便老人家,2
不便行人,2
不便事宜,1
不便狀況,1
不便娃娃車,2
不便問題,1
不便情形,1
不便情況,1
不便現在,1
不便輪椅,2
不客氣,1
不是滋味,2
不流行,1
不為人知,1
不相適應,2
不科學,1
不美觀,1
不苟言笑,1
不要緊,1
不負責任,3
不重要,1
不修邊幅,3
不倫不類,1
不值得羨慕,2
不屑,3
不悅表示,2
不消化,1
不真誠,2
不真實,2
不能容忍,3
不能解救,2
不虔誠,1
不起眼,1
不乾不淨,3
不健康,1
不夠完善,3
不夠格,2
不夠深,1
不夠意思,2
不夠導致,1
不得當,3
不得體,3
不清不白,2
不清不楚,2
不清楚,1
不爽,3
不現實,1
不理智,1
不祥,1
不規則,1
不規則地面,1
不規則坑洞,2
不規則裂紋,1
不規則碎石,1
不透明,1
不透氣,1
不通已多年,3
不善交際,1
不善交談,2
不堪一擊,3
不堪入目,2
不堪入耳,2
不堪設想,3
不寒而慄,3
不敢領教,2
不痛不癢,2
不登大雅之堂,2
不發達,1
不等,1
不絕如縷,1
不舒服,2
不著邊際,3
不開心,2
不雅觀,2
不愛交際,2
不敬,1
不當,1
不當行為,2
不當利益,3
不當形象,1
不當措施,2
不當理由,1
不當設置,2
不當照片,1
不當態度,1
不當語言,1
不當導致,2
不義行為,3
不詳,1
不詳盡,1
不道德,3
不像話,2
不對,1
不對勁,1
不對稱,1
不滿,3
不滿足,1
不滿意,3
不盡如人意,2
不管三七二十一,1
不管用,1
不精確,1
不聞不問,2
不認真,1
不儉省,1
不寬容,1
不熟練,1
不確切,1
不衛生,1
不適反應,1
不適宜,1
不適於居住,1
不適狀況,1
不適症狀,1
不適情況,1
不適現象,1
不適當,1
不適應,1
不擇手段,3
不應拆除,2
不濟情形,1
不斷反映,1
不斷流水,1
不斷要求,1
不斷產生,1
不禮貌,1
不謹慎,1
不穩定,1
不贊同,2
不贊成,2
不願意,1
不顯眼,1
不體面,1
不靈巧,1
不靈敏,1
仇恨,1
仇視,1
介意,1
內向,1
內向型,1
內疚,2
內政部疑義,1
內部垃圾,1
內部積水,2
公分坑洞,1
公分高低落差,1
公文效率,1
公文錯誤部份,1
公司問題,1
公平原則,1
公平情況,1
公共危險,3
公共安全,2
公共安危,2
公共意外,2
公安危險,3
公安危險事件,3
公安災難,3
公安事件,1
公安事件責任,1
公安事故,2
公安問題,1
公安意外,2
公安疑慮,1
公告故障,1
公告應有,1
公車不易,1
公車不便,1
公車司機不易,1
公車站應有,1
公車都不見了,2
公車駕駛員危險,3
公所問題,1
公信,2
公害植物,2
公廁水龍頭故障,1
公然,1
公園內亂竄,1
公園安全,1
公園安危,2
公園周遭蚊蟲,1
公園垃圾,1
公園垃圾問題,2
公園雨傘節毒蛇,3
公園臭味,2
公園蚊蟲,1
公園設施故障,1
公園煙蒂,1
公園照明燈故障,1
公園塵土,1
公園罰單,1
公園燈故障,1
公園雜草,1
公園雜草長度,1
公權力惡意,2
六親不認,3
冗長,1
凶巴巴,1
凶狠,1
凶悍,1
凶殘,1
凶暴,1
勾心鬥角,3
化糞池臭味,2
化糞池異味,1
反反覆覆,1
反叛,3
反映,1
反映案件,1
反映問題,1
反映基層民意,1
反映痛苦,1
反映路面,1
反映路燈,1
反映噪音問題,2
反映聲音,1
反面,1
反常,1
反感,2
反覆無常,1
天昏地暗,2
天後路面積水,1
天怒人怨,3
天時道路積水,1
天時積水,1
天真,1
天價,2
天噪音,2
天翻地覆,2
太陽能路燈故障,2
少心力,1
少數市民,1
少數民眾,1
少數有錢人,1
少數住戶,1
少數敗類,1
巴結,1
引起反感,1
引發公安,2
引發火災,3
引發民怨,1
引發危險,3
引發身體,1
引發疾病,2
引發病媒蚊,3
引發蚊蟲,1
引發登革熱,3
引發登革熱疫情,3
引發禽流感,3
引發禽流感疫情,3
引發噪音,2
引發聲響,1
引道工程問題,1
心口不一,2
心不在焉,3
心地狹窄,3
心如刀割,3
心如死灰,3
心有餘悸,1
心灰意冷,3
心急,1
心急如焚,3
心狠手辣,3
心疼,1
心胸狹窄,3
心胸狹隘,3
心情沉重,1
心眼小,1
心寒,1
心痛,1
心虛,1
心煩,2
心煩意亂,2
心猿意馬,2
心碎,1
心酸,2
心驚膽戰,3
心驚膽顫,3
手指鮮血,1
手掌大小凹洞,1
手掌大小坑洞,1
手無縛雞之力,2
手腳不乾淨,3
手頭緊,1
支氣管疾病,1
支離破碎,3
文不對題,2
文意不通,1
文縐縐,1
文靜,1
斤斤計較,3
方損失,1
木板不見了,1
欠平順,1
欠完善,1
欠周到,1
毛手毛腳,3
毛骨悚然,2
毛糙,1
毛躁,1
水性楊花,3
水泥不規則,1
水泥問題,1
水洩不通,2
水流不通,1
水溝上方破洞,1
水溝不通,1
水溝不通行道樹,1
水溝內因路,1
水溝水異味,1
水溝平面坑洞,1
水溝破洞,1
水溝臭味,1
水溝蚊蟲,1
水溝異味,1
水溝結構問題,1
水溝裂縫,1
水溝颱風,1
水溝廢棄物,1
水溝槽落差,1
水溝積水,1
水溝鐵欄杆缺口,2
水管破裂,2
水管爆管,1
水銀路燈故障,1
水槽積水,1
水頭故障,1
水頭龍故障,1
火災時,1
火災問題,1
火災意外,1
火災疑慮,1
火花問題,1
火花情事,1
火冒三丈,3
火暴,1
火燒車,2
火爆,1
火警意外,2
世俗,1
世故,1
主要噪音,1
主觀,1
乏人問津,2
乏味,1
他人不便,1
他人生命,1
付之一笑,2
令人不安,2
令人毛骨悚然,2
令人生氣,2
令人作嘔,2
令人疲倦,2
令人討厭,2
令人窒息,2
令人寒心,2
令人惱火,2
令人睏倦,2
令人敬畏,2
令人厭倦,2
令人厭惡,2
令人噁心,2
令人髮指,2
令人遺憾,2
以怨報德,3
充滿危機,2
凸出路面,2
凸路,1
凹凸不平,2
凹凸情況,1
凹凸路面,1
凹坑,1
凹洞問題,1
凹洞碎石,1
凹陷,1
出入口不便,1
出入口問題,1
出入不便,2
出氣,1
出處坑洞,1
出路不便,1
加倍危險,2
包包家庭垃圾,1
包垃圾,1
北路水患,2
半信半疑,2
半真半假,2
占用,1
占用公共,2
占用馬路,2
卡到電線,1
古怪,1
另類噪音,1
只顧自身利益,3
只聽樓梯響，不見人下來,3
叫苦連天,3
叫罵,3
叫囂,3
可以積水,1
可有可無,1
可見坑洞,1
可見垃圾,1
可見碎石,1
可見積水,1
可怕,1
可怕味道,2
可怕奇景,2
可怕後果,2
可恨,1
可恥,1
可笑狀況,1
可惜,1
可悲,1
可惡,1
可疑人物,1
可疑因素,1
可憐,1
可憐小市民,1
可憐工作,1
可憐相,1
台中市路障案件,1
台中蟑螂,1
外人負面印象,1
外來樹種,1
外牆破洞,1
外觀已鏽蝕,1
失去理性,3
失眠症狀,1
失神,2
失常,1
失望,2
失望地,1
失當,1
失落,1
失憶,1
失禮,1
失職人員,2
失職公務員,2
失職行為,2
左右兩難,1
左右為難,1
巧克力肌瘤,1
巨大人孔,1
巨大孔,1
巨大音響,1
巨大傷害,3
巨大噪音,3
巨大聲響,2
市民不易,1
市民不便,1
市民劣根性,1
市民危險,2
市民恐慌,2
市民悲劇,2
市府水溝裂縫,1
市府過失,1
市府團隊螺絲,1
市政路不通,1
市容醜陋,1
市區整體觀感,1
平白無故,2
平時車流噪音,1
平時積水,1
平淡,1
平淡無味,2
平淡無奇,2
平鋪直敘,2
平整擔心,1
幼兒安全,1
幼稚,1
打入十八層地獄,3
打入冷宮,3
打球噪音,2
打滑,1
打擾,1
斥責,3
斥罵,3
未列計劃,3
未成熟,1
未老先衰,2
未受過教育,2
未將,2
未揭露,1
未開通,1
未標示,1
未親自處理,2
未歸類,1
本人急電,1
本公司權益,1
本戶苦衷,1
本巷道路霸,1
民心都不見了,3
民生用水問題,1
民生危險,1
民生物資漲幅,1
民宅問題,1
民怨沸騰,3
民怨情況,1
民害民短視,2
民異議,1
民眾不易,1
民眾不便,1
民眾危險,1
民眾安危,1
民眾安危情事,1
民眾恐慌,2
民眾惡意,2
民間疾苦,2
民詬病,1
民漠,1
氾濫成災,1
犯有罪行,3
瓦斯味,2
瓦斯味道,2
瓦斯毒氣,3
瓦斯氣味,2
瓦斯管線因素,1
瓦斯爆炸,2
生死攸關,2
生死線,2
生命危險,2
生命安全問題,1
生命財產,1
生命財產安全,1
生命跡象,1
生長過盛,1
生活不便,1
生氣,2
生蚊子,1
生疏,1
生態浩劫,2
生憾事,2
生澀,1
用不著,1
由衷希望,1
由衷建議,1
由誰負責,1
申訴中華電信,1
申訴內容,1
申訴信息,1
申訴故障,1
申請案,1
申請案件,1
申請路口監視器,1
申請增設路燈,1
申請賠償金,1
白工,1
白天機車狂飆,1
白白,1
白光路燈故障,1
白忙,1
白色箭頭坑洞,1
白斑,1
白搭,1
白髮人,1
皮毛,1
目中無人,3
目光凶狠,3
目光短淺,3
目前已故障,1
目前因泥巴,1
目前因雨水,1
目前因路,1
目前因路面,1
目前因燈泡,1
目前汙水,1
目前係颱風,1
目前故障,1
目前毒草,1
目前登革熱,2
目前登革熱疫情,2
目前裂縫,1
目前路面積水,1
目前路霸情況,1
目前噪音,1
目前積水,1
目前雜草,1
目前雜草數量,1
目瞪口呆,1
石臼積水,1
石破天驚,2
石塊廢棄物,1
石頭雜物,1
穴雜草,1
立式站牌不見了,2
丟三落四,3
丟臉,2
交通不便,2
交通危險,3
交通危險性,1
交通安危,1
交通安危問題,1
交通事故,1
交通事故乙,1
交通事故問題,1
交通事故頻率,1
交通糾紛,1
交通堵塞,2
交通視線死角,1
交通意外,1
交通疑慮,1
交通噪音,1
兇猛,1
兇惡,1
光怪陸離,2
光害,1
光線不足,1
光醫藥費,1
全故障,2
全家公敵,2
全部坑洞人孔,1
全部積水,2
共犯情節,1
共犯結構,1
冰冷,1
刑事案件,1
刑事責任,1
刑法第,1
列罰則,1
劣等,1
劣等民族,1
劣等情形,1
劣質,1
危交通,1
危急,1
危急事件,2
危害,2
危害人身,2
危害人體,2
危害公安問題,2
危害市民,2
危害民眾,2
危害民眾生命,2
危害安全,2
危害行人,2
危害行人乙,2
危害行人安危,2
危害居民住家,2
危害社區環境,2
危害社會,3
危害路樹,1
危害道路,1
危害樹木,1
危害機車騎士,2
危害環境,3
危規,1
危慮,1
危橋,3
危機四伏,3
危機重重,3
危險,1
危險乙,1
危險大家,2
危險工程,2
危險不便,1
危險民眾,2
危險目前,1
危險危險,2
危險因子,1
危險因素,1
危險地,1
危險地址,1
危險地帶,2
危險地點,2
危險至極,3
危險行為,2
危險行為人,2
危險位置,1
危險困難,2
危險坑洞,2
危險坑洞部分,2
危險車,2
危險事件,2
危險事宜,2
危險事故,2
危險事情,2
危險事項,2
危險性乙案,2
危險性已,2
危險性植物,1
危險性道路坑洞,2
危險物,2
危險物品,2
危險狀況,2
危險狀態,2
危險雨季,1
危險係數,1
危險建物,2
危險建築,2
危險時刻,1
危險動作,2
危險區域,2
危險問題,2
危險情形,2
危險情事,2
危險情況,2
危險設施,2
危險程度,1
危險意外,2
危險跡象,1
危險路,1
危險路口,1
危險路段,1
危險路面,1
危險道路,1
危險電纜,2
危險疑慮,1
危險管線,2
危險障礙物,1
危險廣告,1
危險徵兆,1
危險標記,1
危險器材,1
危險樹木,1
危險橋面,3
危險橋樑,3
危險鋼條,2
危險環境,3
危險邊緣,1
吃力,1
吃不開,2
吃重,1
吃醋,1
吃錯藥,3
各種垃圾,1
各種歪理,2
各種疾病,1
各種症狀,1
各種障礙物,1
吊郎當,2
同病相憐,1
同情,1
名不副實,2
名字錯誤,1
名牌故障,1
名牌燈座故障,1
名過其實,2
名譽掃地,1
因素煩惱,1
在困難中,1
在意,1
地下道積水,1
地方惡勢力,3
地主惡意,2
地位低下,1
地址錯誤情況,1
地底下竄,1
地板泥土泥濘,1
地面凹洞,1
地面尖刺鐵條,2
地面坑洞,1
地面垃圾,1
地面破洞,1
地面高低落差,1
地面落差,1
地面落差情事,1
地面標線錯誤,1
地面雜草,1
地動山搖,2
地區危險性,1
地淤泥,1
地勢落差問題,1
地雷補丁,1
地獄般,1
地層下陷,1
地質鬆軟,1
地震問題,1
地震壓力,1
地點坑洞,1
地點蚊蟲,1
地點道路坑洞,1
地點錯誤,1
地覆天翻,3
地雜草,1
地權糾紛,1
多日大雨,1
多危險,2
多尖峰,1
多年坑洞,2
多坑,1
多事,1
多事故,2
多病,1
多處凸起,1
多處凹凸,1
多處凹洞,1
多處凹痕,1
多處汙泥,1
多處坑洞,1
多處垃圾,1
多處阻塞,1
多處故障,1
多處破裂,1
多處缺口,1
多處高低,1
多處問題,1
多處裂紋,1
多處裂痕,1
多處裂縫,1
多處損傷,1
多處瑕疵,1
多處碎石,1
多處補丁,1
多處鼻涕,1
多處積水,1
多處擦傷,1
多處雜草,1
多處變形,1
多愁善感,2
多補丁,1
多種噪音,1
多餘,1
多壓力,1
多變,1
奸詐,2
好多洞,1
好多蚊子,2
好多被害,2
好多跳蚤,1
好多醜陋,2
好困難,1
如喪考妣,3
如履薄冰,3
如臨大敵,3
如臨深淵,3
妄自菲薄,1
妄想,1
守株待兔,1
守舊,1
安全事件,1
安全島雜草,1
安全秩序,1
安全健康,1
安全情事,1
安全疑慮,1
安全疑慮問題,1
安全隱患,1
安全隱憂,1
安全權益甚鉅,2
安危問題,1
尖峰時刻,1
尖峰時段,1
尖峰時段人潮,1
尖峰時段公車,1
尖峰時間,1
尖峰時間車輛,1
尖峰時間單向,1
尖峰時間道路,1
尖峰期,1
尖酸刻薄,3
尖嘴猴腮,3
尖銳物,1
尖銳物品,1
尖銳面,1
尖銳處,1
尖銳稜角,1
尖銳聲音,1
年久失修,3
年少輕狂,2
式馬桶故障,1
式裂痕,1
式路霸,1
式障礙物,1
式噪音,1
式餐廳油煙,1
忙碌不克,1
忙線,1
成事不足，敗事有餘,3
成蟲蛀,1
扣款,1
扣款事宜,1
扣款部分,1
扣薪,1
收集垃圾,1
早晨人行道樹葉,1
早餐店噪音,1
有一搭沒一搭,3
有口無心,2
有失身份,2
有名無實,2
有始無終,3
有毒,1
有毒性,1
有害,1
有傷風化,2
有罪,1
有嘴無心,2
有頭無尾,2
有點髒,2
有礙市容,1
有礙市容觀瞻,2
有礙觀瞻,3
有難度,1
次大水,1
次申訴,1
次流感,2
次風災,2
次案件,1
次級瓦斯,1
次處罰,1
次颱風,2
次難關,1
死人事件,3
死人時,3
死人慘劇,3
死人噪音,3
死亡已,2
死亡車禍,3
死亡車禍才,3
死亡事故,3
死亡案件,3
死亡病例,3
死亡現象,3
死亡路口,3
死心眼,1
死心塌地,2
死水狀態,1
死去活來,2
死角疑慮,1
死巷不通,1
死氣沉沉,3
死腦筋,2
死路樹,1
死樹,1
汎期,1
汎期颱風,2
汗顏,1
汙水垃圾,1
汙泥式,1
汙泥積水,1
汙染,2
汙濁已,1
汛期水,1
汛期將,1
江湖黑道人物,3
池水污泥,1
池面垃圾,1
污染,2
污染事實,1
污染空氣,2
污染空氣品質,2
污染空氣噪音,2
污染環境,3
污濁,1
污穢,1
灰心,1
灰心喪氣,2
灰色碎石水泥,1
灰塵沙土,1
灰塵到處,1
灰塵泥濘,1
灰塵滿天,2
灰頭土臉,3
灰頭灰臉,3
灰濛濛,1
灰朦朦,1
灰燼問題,1
百孔千瘡,2
老人婦幼不易,1
老奸巨猾,3
老虎屁股摸不得,3
老派,1
老弱病殘,2
老氣,1
老問題,1
老掉牙,1
老羞成怒,3
老鼠藥,1
老謀深算,1
老舊,1
老舊水溝,1
老舊水管,1
老舊平房,1
老舊房子,1
老舊房舍,1
老舊房屋,1
老舊的,1
老舊的司法院,1
老舊的路,1
老舊社區,1
老舊校舍,1
老舊情況,1
老舊路燈,1
老舊道路,1
老舊電線,1
老舊導致,1
老舊燈泡,1
老舊瀝青,1
老舊欄杆,1
老舊彎曲,1
老舊變形,1
自私,2
自私方便,2
自私自利,3
自私行為,2
自身安全,1
自身安危,1
自來水管破裂,2
自卑,1
自命清高,3
自怨自艾,1
自相矛盾,2
自負,3
自責,1
自視清高,3
自傲,3
自慚形穢,1
自豪,3
自暴自棄,1
色情,3
色情行業,3
血汗建設局,3
血雨腥風,3
血淋淋,1
血腥,1
行人無法通行,2
行不通,1
行走不易,1
行走危險,2
行走安全,2
行走困難,1
行車危險,2
行車噪音,2
行為不端,1
行為不檢,1
行徑積水路段,1
行會車不易,1
行道樹枯枝,1
衣衫不整,2
伶仃,1
似乎,1
似是而非,2
佈滿枯葉,2
位置坑洞,1
位置錯誤,1
低,1
低人一等,3
低下,1
低劣,1
低劣問題,1
低低的落差,1
低沉,1
低俗,1
低音喇叭噪音,1
低效能,1
低級,1
低能,1
低迷,1
低等,1
低落,1
低落程度,1
低窪雨天,1
低窪積水,1
低賤,1
低噪音,1
低頻噪音,1
低聲下氣,3
住戶不便,1
住戶危險,2
住址錯誤,1
佔據,1
佔據停車格,1
作勢,1
作業噪音,1
你死我活,2
冷冰冰,1
冷血,1
冷冷清清,2
冷門,1
冷若冰霜,2
冷淡,3
冷清,1
冷處理,1
冷落,1
冷漠,1
冷酷,1
冷酷無情,2
冷嘲熱諷,3
判斷路面裂縫,1
別有用心,2
利害攸關,1
利慾熏心,2
否定,1
含含糊糊,2
含沙射影,2
含混不清,2
含糊,2
含糊不清,2
含糊其辭,2
吵人,1
吵吵鬧鬧,1
吵雜噪音,2
吵雜聲音,1
吸食毒品,3
吹鬍子瞪眼,3
呆住,2
呆板,1
呆若木雞,2
呆笨,1
呆滯,2
呆頭呆腦,2
呆癡,1
告示牌錯誤,1
困苦,1
困苦心情,1
困頓,1
困擾,2
困難,1
困難重重,2
困難案件,1
困難問題,1
困難情形,1
困難情事,1
圾垃,1
址人行道雜草,1
坍塌,2
坎坷,1
坎坷不平,2
坐井觀天,2
坑巴,1
坑坑巴巴,1
坑坑洞洞,1
坑坑窪窪,2
坑洞,1
坑洞大小,1
坑洞事宜,1
坑洞事項,1
坑洞狀況,1
坑洞直徑,1
坑洞洞高低,1
坑洞洞問題,1
坑洞案件,1
坑洞問題,1
坑洞情形,1
坑洞情事,1
坑洞情況,1
坑洞裂痕,1
坑洞碎石,1
坑洞補丁,1
坑洞積水,1
坑疤,1
坑窪不平,2
妖裡妖氣,3
妨害交通,1
妨礙,1
完全不重要,1
完全阻塞,2
完全故障,2
完全磨損,2
完全斷裂,2
局部坑洞,1
局部斷根,1
屁滾尿流,1
岌岌可危,2
希望坑洞,1
弄口柏油路破洞,1
形同虛設,2
形同路人,3
形成大片積水,2
形成死水,1
形成坑洞,1
形成浮水,1
形成高低,1
形成路霸,1
形成積水,1
形路障,1
形路燈故障率,1
彷徨,1
忍無可忍,2
忘恩負義,3
快窒息,1
快斷裂,1
扭扭捏捏,2
批鬥,2
扼腕,1
找碴,2
抑鬱寡歡,1
投機,1
抗議,2
抗議聲音,1
攻擊,2
攻擊民眾,1
攻擊行為,2
攻擊性寵物,2
攻擊情形,1
旱期,1
更多事件,1
更多喇叭,1
更多傷害,2
更多意外,2
杜鵑風災,2
杜鵑颱風,2
杜鵑颱風期間,1
步行困難,1
步道石塊縫隙,1
步道到處積水,1
汽車危險,1
汽車道積水,1
汽車墳場,1
汽車噪音,1
汽油廢氣,1
汽機車不易,1
汽機車廢氣,1
沉沙,1
沉重,2
沉寂,1
沉悶,2
沉痛,2
沒下文,2
沒什麼了不起,1
沒什麼人,1
沒什麼功用,1
沒什麼差別,1
沒什麼意義,1
沒什麼經濟效益,1
沒什麼燈,1
沒什麼錢,1
沒分開,1
沒心沒肺,1
沒出息,2
沒用,1
沒好氣,2
沒有勇氣,1
沒有教養,1
沒有規劃完善,2
沒有給予,1
沒有照明設備,2
沒有學問,1
沒有頭腦,1
沒有禮貌,1
沒良心,3
沒見過世面,3
沒受過教育,1
沒勁,2
沒效率,2
沒教養,3
沒意思,2
沒頭沒腦,1
沒頭腦,1
沒禮貌,3
沖天炮,1
沖昏頭腦,3
沙塵空氣,1
災食品,1
災害狀況,1
災程度,1
災難性,1
牢固問題,1
狂妄,1
狂妄自大,3
狂怒,1
狂傲,1
男生廁所故障,1
男廁水箱故障,1
男廁故障,1
男盜女娼,3
私人違章,1
私自,1
私自餵養,1
私利將道路,1
私底下,1
私密,1
私種,1
私蓋,1
系統泥沙,1
系統故障,1
肝腸寸斷,3
良心問題,1
見不得人,1
見怪不怪,2
見風轉舵,1
見識短淺,2
角度錯誤,1
角錐大小坑洞,1
言不由衷,3
豆腐心,1
豆腐渣工程,2
身無分文,1
車危險,1
車垃圾,1
車玻璃裂痕,1
車渣渣,1
車道口坑洞,1
車道路燈故障,1
車道積水,1
車疑慮,1
車禍,2
車禍不幸,2
車禍危險,2
車禍死亡率,1
車禍身體,1
車禍事件,2
車禍事故,2
車禍事故問題,1
車禍事故情形,1
車禍風險,1
車禍原因,1
車禍原地,1
車禍時,1
車禍案件,1
車禍問題,1
車禍情事,1
車禍現場,1
車禍被,1
車禍都,1
車禍新聞都,1
車禍碎石,1
車禍轉彎處,1
車輛不易,1
車輛不便,1
車輛危險,2
車輛汙穢,1
車輛事故,1
車輛故障,1
車輛紅線,1
車輛差點,1
車輛案件,1
車輛違停,2
車輛廢氣已,1
辛酸,1
迂腐思維,2
邪惡,1
防礙,1
乳臭未乾,3
事件內容錯誤,1
事故車輛,1
事故原因,1
事故時,1
事故案件,1
事故救護車,1
事故現場,1
事故當事人,1
事故當時,1
事項問題,1
事項落差,1
事業廢棄物,1
事業噪音,1
併排停車,1
使人疲勞,1
使用者不便,1
使用者危險,1
使性子,2
來之不易,1
來路不明,1
依依不捨,2
依舊,1
兒童危險,1
兒童安全,1
兒童安危,1
兔子不吃窩邊草,3
兔子尾巴長不了,3
兔死狗烹,3
兩面手法,1
兩樣情,1
兩難,2
到處坑洞,2
到處狗,2
到處紅線,2
到處都,1
到處補丁,1
刺耳,1
刺耳噪音,1
刺眼,1
刺眼問題,1
刺眼情形,1
刺眼影響,1
刺鼻,1
刺鼻工業,1
刺鼻石油,1
刺鼻味道,1
刺鼻臭味,1
刻板,1
刻板印象,1
刻苦,1
刻意,1
刻意磨損,1
刻薄,1
卑劣,1
卑俗,1
卑微,1
卑鄙,1
卑鄙無恥,3
卑賤,1
周圍人行道雜草,1
周圍柏油破洞,1
周圍柏油高低,1
周圍柏油落差,1
周圍路面落差,1
周遭地面高低,1
周邊柏油路高低,1
周邊路面縫隙,1
周邊雜草,1
味道不好,1
呵責,3
呼吸困難,2
呼吸疾病方面,1
呼吸道疾病,1
呼吸道症候群,1
呼吸道問題,1
呼吸道情形,1
呼吸道都,1
呼吸環境,1
呼吸權益,1
命苦,1
咄咄逼人,2
和解金,1
咒罵,3
固執,1
坪大小坑洞,1
垃圾,1
垃圾不便,1
垃圾狗屎,1
垃圾音樂,1
垃圾問題,1
垃圾情形,1
垃圾情事,1
垃圾情況,1
垃圾異味居民,1
垃圾源頭,1
垃圾煙蒂,1
垃圾煙頭,1
垃圾遍處,1
垃圾過多,2
垃圾箱內幕,1
垃圾雜物,1
夜晚異味,1
夜晚期間噪音,1
夜間時段噪音,1
夜燈故障,1
奇形怪狀,2
奇怪市長,1
奇怪柏油路,1
奇差,2
奇醜無比,2
委靡,1
委靡不振,2
孤立,1
孤立無援,1
孤孤單單,3
孤陋寡聞,1
孤寂,2
孤單,2
孤傲,2
孤零零,1
孤僻,1
孤獨,2
官場黑暗,2
官腔式,1
官僚,2
官僚心態,2
官僚文化,2
官僚主義,2
官僚式,2
官僚作風,1
官僚制度,1
官僚腦袋,1
官僚體系,1
官療,1
尚可忍耐,1
尚未,1
居民不便,1
居民危險,1
居民安全,1
居民安危,1
居民安寧,1
居民恐慌,1
居民權利,1
居民權益,1
居家安全,1
居家疑慮,1
幸苦,1
往心裡去,1
忽略,2
忽視,2
忽視大眾權益,2
忿忿不平,3
忿怒,3
忿恨,3
怕生,1
性危險,1
性命攸關,1
性急,1
性故障,1
性格內向,1
性情急躁,1
怪物設施,1
怪現象,1
怪異男子,1
怪腔怪調,2
怪罪,2
怪裡怪氣,2
怪僻,1
所生費用,1
所有吃案,1
所有車禍,1
所有罰單,1
所謂的改善,2
所謂的效率,2
抨擊,2
抱不平,2
抱怨,2
抱怨水溫,1
抱怨情形,1
抱怨速度,1
抱怨照片,1
抱怨路面,1
抱怨器材,1
抱歉,1
抽水機馬達噪音,1
抽煙,1
拉不下臉,1
拐杖病患,1
拒人於千里之外,3
拖泥帶水,1
拘束,1
拙劣,3
拙笨,2
放肆,1
放蕩,3
放蕩不羈,3
放縱,1
昆蟲屍體,1
明人不做暗事,1
明顯公安,1
明顯反光,1
明顯失職,2
明顯高低,1
明顯問題,1
昏天黑地,3
昏沉,1
昏昏暗暗路燈,1
昏庸,3
昏亂,1
昏暗,1
昏暗狀態,1
昏暗亮度,1
昏暗時,1
昏暗時段,1
昏暗問題,1
昏暗情形,1
昏暗情況,1
昏暗視線,1
昏暗照明,1
昏暗路燈,1
昏暗影響,1
昏暗導致,1
昏暗擔心,1
昏暗燈光,1
昏頭昏腦,3
易引發,2
易危害,1
易形成,1
易怒,1
易產生,1
易被,1
易滑,1
易影響,1
易積水,1
杯大小坑洞,1
杯弓蛇影,1
東倒西歪,2
枉費心機,1
林伯母腦溢血,1
枝幹斷落,1
枝葉茂密,1
枝葉斷落,1
枝葉雜草,1
武昌公園蚊子,1
武斷,1
歧視,3
沮喪,2
河道雜草垃圾,2
油汙,1
油耗味,1
油煙囪,1
油煙味,2
油煙臭味,2
油煙異味,2
油漆臭味,1
油膩,1
油膩膩,1
油頭滑腦,2
治安死角,2
治安死角問題,2
治安事故,2
治安問題,2
治安疑慮,2
治安隱憂,2
沼氣味,3
沿線商家路霸,1
法律漏洞,1
泡水,1
波浪型路面,1
泥巴到處,1
泥沙垃圾,1
泥沙塵土,1
泥砂塵土,1
泥濘問題,1
泥濘情形,1
注射毒品者,3
炎熱天氣,1
炎熱導致,1
爭議性,1
爭議問題,1
爭議樹種,1
狐疑不決,2
狗吠聲,1
狗尿,2
狗尿尿,2
狗屍體,1
狗屎垃圾,2
狗屎狗尿,2
狗排泄物,2
狗眼看人,2
狗愛心媽媽,1
狗糞便,2
疙疙瘩瘩,1
直流鼻涕,1
直徑坑洞,1
直接便溺,2
社區車輛不便,1
社會問題,1
社會隱憂,1
空乏,1
空地高低落差,1
空地雜草,1
空屋雜草樹木,1
空洞,1
空洞根本,1
空洞情形,1
空洞無物,1
空氣污染物,3
空氣污染者,3
空氣污染源,3
空氣汽油味,1
空氣臭味,3
空氣噪音,2
空間漏洞,1
糾紛市府,1
糾紛問題,1
花大錢,1
花天酒地,3
花心,3
花香異味已,1
花圃破洞,1
花圃破洞情況,1
花圃雜草,1
花錢浪費,3
虎頭蛇尾,3
表示登革熱疫情,1
表示傷口,1
表面工夫,2
表面工程,2
表裡不一,2
近障礙物,1
近鄰噪音,2
長方形路面坑洞,1
長年坑洞,2
長年泥沙,2
長年遊民問題,2
長年噪音,2
長年積水,2
長者不便,1
長期汙水,2
長期坑洞,2
長期垃圾,2
長期故障,2
長期問題,2
長期惡意,3
長期黑暗,2
長期遊民,1
長期影響,2
長期噪音,2
長期積水,2
長期壓力,2
長期雜草,2
長篇大論,1
長篇公文,1
長雜草,1
門故障,1
門鎖已故障,1
門鎖故障,1
阻塞,1
阻塞不通,2
阻塞住家屋頂,2
阻塞所,2
阻塞問題,1
阻塞情形,1
阻塞情況,1
阻塞現象,1
阻擋,1
阻擋人民,1
阻擋人行通道,1
阻擋去路,1
阻擋市民,1
阻擋行人,1
阻擋汽車,1
阻擋車速,1
阻擋車輛,1
阻擋物,1
阻擋巷口,1
阻擋巷道路口,1
阻擋設備,1
阻擋路面,1
阻擋機車,1
阻檔,1
阻礙,1
阻礙交通,2
阻礙通行,1
雨後人行道積水,1
雨後蚊蟲,1
雨路霸方面,1
雨道路積水,1
雨積水,1
雨積水問題,1
雨積水情形,1
非同小可,1
非法,3
非法水井,1
非法申請,1
非法行為,1
非法事,1
非法招牌,1
非法砂石,1
非法案件,1
非法街頭,1
非法路燈,1
非婚生,2
非專業,2
非常不便,2
非常不舒服,3
非常危險,2
非常官方,2
非常官僚,2
非常差,3
非常悲哀,3
非理性,2
非禮,3
亮度不足,2
侵占,2
侵犯,1
侵略戰爭,3
侵略戰爭暴行,3
便溺問題,2
便橋時危險性,1
便橋高低落差,1
俗氣,1
冒失,1
冒牌,1
前方路燈故障,1
前後高低落差,1
剎車聲,1
勃然大怒,3
勉勉強強,2
勉強,1
南苑公園蚊蟲,1
南區路燈故障,1
卻無下文,2
哀怨,2
哀痛欲絕,3
哀傷,2
哀號聲,1
哀鴻遍野,1
品頭論足,1
垂頭喪氣,2
型坑洞,1
型時鐘故障,1
型破洞,1
型黑色蟲,1
型鋼管故障,1
城鄉差距,1
威脅人,2
威脅市民,2
威脅孩童,3
威脅情形,1
孩童危險,3
孩童安全,3
孩童安危,3
屍臭味,2
屎味,1
巷口路面落差,1
巷口積水位置,1
巷弄危險,1
巷弄路霸,1
巷路面坑洞,1
巷路霸,1
巷道死角,1
幽暗,1
度量小,1
建築路霸,1
建築廢棄物,1
建築廢棄物被,1
建議重新,1
建議將,1
建議部分,1
建議單位,1
建議新社區,1
建議路段,1
建議道路,1
建議對方,1
建議臺中市政府,1
建議駕駛人,1
建議橋面,1
建議機車,1
很不雅觀,2
很危險,2
很多大便,2
很多危險,2
很多地震,1
很多車禍,2
很多事故,2
很多垃圾,2
很多空閒,1
很多洞,1
很多疾病,1
很多病患,1
很多破洞,1
很多蚊子,1
很多蚊蟲,1
很多釘子,1
很多瓶子,1
很多蛇類,1
很多經費,1
很多萬一,1
很多落葉,1
很多遊民,1
很多颱風,1
很多廢土,1
很多廢棄物,1
很多影響,1
很多錯誤,1
很多蟲,1
很多蟲子,1
很多雜草,1
很吵,2
很快車禍,1
後座民眾差點,1
後悔,2
後悔莫及,2
後患無窮,3
後顧之憂,1
怒不可遏,3
怒火沖天,3
怒斥,3
怒氣沖沖,3
怒氣衝天,3
怒罵,3
怒髮衝冠,3
怠速,1
怠惰,3
怠惰失職,3
怠惰疑慮,2
怠惰職務,2
急公好義,1
急切,1
急功近利,2
急性子,1
急於,1
急剎,1
急躁,1
怨天尤人,3
怨恨,2
怨聲載道,3
恍恍惚惚,1
恍惚,1
恨不得,1
恨之入骨,3
恨鐵不成鋼,3
持續下陷,2
指桑罵槐,3
指責,3
挑三揀四,2
挑毛病,2
挑逗性,1
挑戰公權力,2
挖苦,1
政治色彩,1
政治利益,1
政策問題,1
政策跳票,1
故建議,1
故障車,1
故障狀態,1
故障長久,1
故障原因,1
故障問題,1
故障情形,1
故障情況,1
故障路燈,2
故障燈,1
故障燈具,2
故障燈盞,2
既有道路糾紛,1
既得利益者,1
星期故障,1
是否為合法,1
枯木問題,1
枯水期將雜草,1
枯死,1
枯枝枯葉,1
枯枝部分,1
枯寂,1
枯萎,1
枯萎多日,1
枯萎死亡,1
枯萎草地,1
枯萎情況,1
枯萎樹枝,1
枯黃死亡,1
枯黃枝葉,1
枯黃狀態,1
枯黃情況,1
枯黃現象,1
枯黑樹枝,1
枯澀,1
枯燥,1
枯燥乏味,3
枯燥無味,3
柏油工程噪音,1
柏油凹洞,1
柏油坑洞,1
柏油破洞,1
柏油臭味,1
柏油高低落差,1
柏油碎石,1
柏油碎石情形,1
柏油補丁,1
柏油補丁痕跡,1
柏油路面破爛,2
柏油路面高低,2
柏油路面問題,1
柏油路面落差,1
柏油路高度落差,1
柔弱,1
柔腸寸斷,3
柱子缺口,1
歪斜,1
歪斜傾向,1
段路坑洞,1
段路面坑洞,1
段路燈故障,1
段道路坑洞,1
毒狗,2
毒品風氣,3
毒氣城,3
毒蛇野狗,2
毒辣,1
洪池淤泥,1
活動噪音,1
活動聲響,1
流失狀態,1
流失原因,1
流失現象,1
流里流氣,2
流程漏洞,2
流感疫情,2
為人作嫁,2
為人詬病,2
為所欲為,2
狠心,1
狠毒,1
狡兔三窟,3
狡計多端,3
狡猾,1
玻璃碎片,1
玻璃碎屑,1
畏首畏尾,3
畏懼,1
疥蟲,1
疫情嚴重,2
盆栽積水,1
看不上,2
看不上眼,2
看不起,2
看不開,2
看不順眼,2
看不慣,2
看板故障,1
看扁,3
看淡,1
看輕,1
矜持,1
砂石車臭氣,1
砂石粉塵,1
突出水泥,1
突出地面,1
突出物,1
突出建築,1
突出路面,1
突出道路,1
突出影響,1
突出螺絲釘,1
突然大雨,1
突然攻擊,1
突然斷裂,1
突發狀況,1
紀錄都不見了,3
紅色害蟲,1
紅色燈故障,1
紅茶冰惡霸,2
紅綠燈故障,2
美村路積水,1
美術燈故障,1
美意折扣,1
背景噪音,1
背景雜音,1
苛刻,1
苛責,3
苟且偷生,3
若隱若現,2
苦,1
苦悶,1
苦惱,1
苦澀,1
苦難居民,1
茁壯不易,1
要不得,2
負面,1
負面印象,1
負面效應市府,1
負面教材,2
負面環境,2
負面觀感,2
負氣,2
負債,2
負載,2
負擔龐大,2
重大公安,3
重大災害,3
重大車禍,2
重大事故,2
重大缺失,3
重大問題,2
重大傷亡,3
重大傷害,2
重大意外,2
重大損傷,2
重大經濟,3
重大影響,2
重大暴力,2
重物重壓路面,1
陌生,1
限水,1
限水措施,1
限制他人,2
限制光線,1
限制車輛,1
限制招牌,1
限制情形,1
面目可憎,2
面目猙獰,2
面如土色,3
面如死灰,3
面有難色,2
面色蠟黃,2
面帶怒色,3
面無表情,2
面黃肌瘦,2
音響噪音,1
風向關係臭味,2
風沙泥土,1
風災水災,2
風災危險,2
風災災情,1
風災旺季,1
風災後路樹,1
風災時,1
風災斷落樹枝,1
風災邊坡,1
風災關係,1
風流,1
風聲鶴唳,2
風騷,1
食而不知其味,3
乘客不易,1
乘客不便,1
乘客安全,1
乘客安危,1
倉皇失措,2
個人私益,1
個人私慾,1
個大小不一坑洞,1
個大小坑洞,1
個凹洞,1
個坑洞,1
個柏油凹洞,1
個棄嬰,3
個錯誤,1
倒塌,2
倔強,1
候車亭燈故障,1
倚老賣老,3
倜然,2
借古諷今,1
凌亂,1
原始,1
員工安危,2
哭笑不得,1
唐突,2
埋沒,1
埋怨,1
害居民生命,2
害怕,1
害羞,1
害臊,1
宵小目標,1
家戶垃圾,1
家用垃圾,1
家庭廢水,1
容易危險,1
容易死亡,1
容易阻塞,1
容易阻擋,1
容易堵塞,1
容易疏忽,1
容易磨損,1
容易積水,1
容易戳,1
容易斷裂,1
差別待遇,1
差勁,2
差強人意,1
差點被,1
弱小,1
弱不禁風,2
弱智,1
弱勢,1
弱勢人民,2
弱勢小市民,2
弱勢市民,2
弱勢民眾,2
弱勢家庭,2
弱勢團體,2
徒勞無功,3
徒勞無益,2
恐怖,1
恐怖風,1
恐怖排氣管,1
恐慌,1
恐慌觀感,2
恐懼,1
恐懼壓力,2
悔不當初,3
悔恨,1
拳頭大小坑洞,1
拳頭大小深,1
拳頭大小寬,1
捉摸不定,2
捉襟見肘,2
捏一把汗,1
捏把汗,1
捕風捉影,1
效益太小,1
效率很差,2
效率負面觀感,1
旁若無人,2
旁敲側擊,1
時會塵土,1
時會積水,1
時會斷根,1
根本悲劇,1
氣不過,3
氣乎乎,3
氣沖沖,3
氣呼呼,3
氣忿,3
氣急敗壞,3
氣憤,3
氣餒,2
氣頭上,1
浪費,2
浪費人力,1
浪費人民,1
浪費公帑,2
浪費水,1
浪費水源,1
浪費用路人,1
浪費用電,1
浪費社會,1
浪費金錢,1
浪費政府,1
浪費時間,1
浪費納稅人,1
浪費能源,1
浪費國家,1
浪費設計,1
浪費單位,1
浪費經費,1
浪費資源,1
浪費電力,1
浪費電費,1
浪費預算,1
浮噪,1
浮躁,1
海底撈針,2
海線災情,1
消沉,2
消耗資源,1
消耗精力,1
消極,2
消極方式,1
消極作為,1
消極處理,1
消極態度,1
烏煙瘴氣,3
烏漆墨黑,1
狹小巷弄,1
狹小巷道,1
狹小通道,1
狹小道路,1
狹小導致,1
狹小擔心,1
狼心狗肺,2
狼狽,1
狼狽不堪,2
疾言厲色,2
疾病疫情,1
疾病問題,1
病毒疫情,1
病蚊,1
病蚊蟲,1
病媒紋,1
病媒蚊,1
病媒蚊問題,2
病媒蚊環境,1
病媒蚊蟲,1
病態,1
病懨懨,1
病蟲害,1
病蟲害所,1
病蟲害問題,1
病蟲害情形,1
病蟲害情事,1
破口大罵,3
破洞問題,1
破洞情事,1
破洞情況,1
破洞深度,1
破洞深處,1
破洞寬度,1
破洞範圍,1
破裂坑洞,1
破裂花盆,1
破裂問題,1
破裂情形,1
破裂情事,1
破裂情況,1
破裂現象,1
破損,1
破溝渠,1
破管線,1
破舊,1
破舊座椅,1
破舊框框,1
破舊桌椅,1
破舊椅子,1
破壞,2
破壞性,1
破爛,3
破爛不堪,1
破爛花盆,1
砸凹車頂,2
砸破採光罩,2
砸傷,1
神不知鬼不覺,3
秘密,1
笑裡藏刀,3
紙醉金迷,3
紛亂,1
紛擾,1
素昧平生,2
索然乏味,2
索然無味,2
缺乏才智,3
缺乏幽默,3
缺乏教養,3
缺乏紳士風度,3
缺失,1
缺失項目,1
缺失類型,1
缺字情形,1
缺角,1
缺角凹洞,1
缺德,1
缺燈罩,2
耗費人力,2
耗費公帑,2
耗費時間,2
耗費資源,2
脆弱,1
臭,1
臭不可聞,3
臭水溝,2
臭名昭彰,3
臭味,1
臭味問題,1
臭狗屎,1
臭氣沖天,3
臭氣熏天,3
草草了事,2
草堆垃圾,2
草率,2
荒唐,3
荒唐作為,2
荒草蔓蔓,1
荒寂,2
荒涼,2
荒淫無度,2
荒淫無恥,3
荒亂,3
荒煙,1
荒煙蔓草,1
荒廢,2
荒廢地,1
荒誕無稽,1
荒蕪,1
荒謬,3
蚊子屍體,1
蚊子蜘蛛,1
蚊蟲屍體,1
蚊蟲問題,1
蚊蟲情形,1
蚊蟲情事,1
蚊蟲情況,1
蚊蟲孳生,1
蚊蟲蟑螂,1
蚊蠅小蟲,1
蚊蠅狀況,1
衰弱,1
討厭,2
訓斥,1
訓戒,2
訓誡,2
豈有此理,1
財大氣粗,1
財團,1
財團當成店面,2
起起伏伏,1
起疑心,1
辱罵,3
迷宮般,1
迷茫,1
迷迷糊糊,1
迷漫,1
迷糊,1
迷濛,1
迷離撲朔,1
退化,1
逃生不易,1
配不上,1
酒瓶到處,1
釘子戶,1
陣臭味,2
陣陣臭味,2
陣聲響,1
飢不擇食,1
馬屁文化,1
馬燈故障,1
高不成低不就,3
高成本,1
高低不平,1
高低差別,1
高低差距,1
高低起伏,1
高低落差,1
高低落差太大,2
高低落差事宜,1
高低落差狀況,1
高低落差雨季,1
高低落差問題,1
高低落差情形,1
高低落差情事,1
高低落差情況,1
高低落差道路,1
高物價,1
高度風險,1
高度差距,1
高高低低起伏,2
高傲,2
高價,1
高價位,1
高額學費,2
高齡失業者,1
鬥爭,1
鬼鬼祟祟,3
鬼頭鬼腦,3
乾燥,1
乾癟癟,1
假公益,1
假正經,1
假希望,1
假冒,1
假造,1
假惺惺,1
假想,1
假裝神聖,1
偏心,1
偏遠地方,1
偏遠地區,1
偏遠鄉下,1
偏遠道路,1
偏頗,1
偏頗行為,1
偏僻草地,1
偏激,1
做作,1
做賊心虛,3
停滿車輛,2
偷工減料,3
偷偷摸摸,3
偷窺,1
偽造,1
動作遲頓,2
動怒,3
動氣,3
動搖,1
動魄驚心,3
動盪,1
動盪不安,3
匿名,1
區設施鏽蝕,1
唯利是圖,2
唯我獨尊,3
問題案件,1
問題問題,1
問題國道,1
執迷不悟,3
基座已鏽蝕,2
堆積,1
堵塞,1
堵塞不通,2
堵塞水位,1
堵塞水溝,1
堵塞狀況,1
堵塞狀態,1
堵塞屋頂,1
堵塞問題,1
堵塞情形,1
堵塞情事,1
堵塞情況,1
堵塞單位,1
堵塞疑慮,1
堵塞積水,1
夠嗆,2
奢侈,1
奢華,1
寂寞,1
寂寥,1
密不透風,2
專制,2
崎嶇,1
崎嶇不平,2
崎嶇高低,2
帶有敵意,2
常見塵土,1
常見積水,1
常態故障,2
庸俗,2
庸庸碌碌,3
庸碌,2
強制,1
強制性,1
強制要求,1
強烈抗議,2
強烈抱怨,2
強烈表示,1
強烈表達,1
強烈建議,1
強烈要求,1
強硬,1
強硬手段,2
強硬要求,1
強暴住戶,3
強暴事件,3
得寸進尺,3
得魚忘筌,3
得饒人處且饒人,1
從嚴,1
悵然若失,1
情形錯誤,1
情緒話語,1
惆悵,1
惋惜,1
惘然若失,1
惟利是圖,1
惟我獨尊,2
惟恐,1
惦記,1
掃把耗損率,1
掃興,1
掉以輕心,2
排水不良,2
排水不易,1
排水孔洞異物,1
排水困難,1
排水問題,1
排水涵管積水,1
排水溝不通,1
排水疑慮,1
排泄物味道,1
排泄物臭味,1
排泄物問題,1
排氣管噪音,1
掛心,1
掛名,1
掛念,1
掛記,1
推卸,1
推卸責任,2
敗壞,1
教訓,1
斜度情形,1
斜度落差,1
斜面缺口,1
斜破洞,1
條型破洞,1
條路燈故障,1
欲哭無淚,1
殺人不見血,3
殺人不眨眼,3
殺氣,1
殺氣騰騰,2
毫不在乎,3
毫不客氣,2
毫不留情,2
毫無用處,2
毫無目標,2
毫無意義,2
毫無價值,2
淒冷,1
淒苦,1
淒涼,1
淒寒,1
淒慘,1
淘氣,1
淡而無味,1
淡薄,2
淤泥問題,1
淤泥雜物,1
淤青,1
淤積,1
淫亂,3
淫蕩,3
混合,1
混血,1
混沌,1
混淆不清,1
混淆駕駛人狀況,1
混亂,1
混亂形容,1
混亂差點,1
混亂問題,1
混亂堵塞,1
混亂情形,1
混亂情事,1
混亂捷運,1
混賬,1
混濁,1
淺薄,1
清洗不易,1
清掃不認真,1
清淡,1
牽掛,1
牽腸掛肚,1
猖狂,2
猙獰,2
猜忌,1
猜疑,1
現今已故障,1
現在垃圾桶不見了,1
現況蚊蟲,1
現場沙塵,1
現場狂風,1
現場垃圾,1
現場泥沙,1
現場塵土,1
球大小坑洞,1
球場電燈故障,1
理由不充分,2
理屈詞窮,2
理虧,1
瓶罐積水,1
瓶罐罐垃圾,1
產生水溝臭味,1
產生水漬情形,1
產生火花,1
產生凹槽,1
產生民怨,2
產生危險,3
產生坑洞,1
產生坑洞問題,1
產生沙塵暴,2
產生災害,2
產生事故,1
產生刮痕,1
產生波浪,1
產生泥土,1
產生故障,1
產生柴油異味,1
產生破洞,1
產生臭味,1
產生臭味情事,1
產生高低落差,1
產生異味,1
產生登革熱,3
產生裂痕,1
產生視線死角,1
產生碎石子,1
產生弊端,3
產生噪音,1
產生噪音事宜,1
產生噪音問題,1
產生噪音情形,1
產生噪音情事,1
產生壁癌,1
產生積水,1
產生積水情形,1
產生聲響噪音,1
異味,1
異味來源,1
異味問題,1
異常,1
異常狀況,1
異常故障,1
異常時,1
異常問題,1
異常情形,1
異常情況,1
異常現象,1
異常影響,1
異常關係,1
疏失,2
疏忽,1
盛氣凌人,3
眼光短淺,2
眼花繚亂,2
眼睛眩光,1
眼睛痛癢,1
眾多維修,1
眾多影響,1
眾叛親離,3
票倉,1
笨,1
笨手笨腳,3
笨方法,1
笨拙,1
笨重,1
笨頭笨腦,3
粗心,1
粗心大意,2
粗手笨腳,2
粗枝大葉,3
粗俗,1
粗重,1
粗暴,1
粗線條,1
粗魯,1
粗澀,1
粗糙,1
粗糙政令,2
粗獷,1
累贅,1
細小,1
細小昆蟲,1
細小碎石,1
絆倒,1
羞愧,1
羞澀,1
脫落,1
莫大不便,2
莫名的,1
莽撞,1
處大小不一坑洞,1
處水溝不通,1
處坑洞,1
處坑洞情形,1
處車禍事故,1
處長條形破洞,1
處蚊蟲,1
處高低落差,1
處理車禍事故,1
處理雜草,1
處異味,1
處路面坑洞,1
處道路坑洞,1
處積水,1
處積水問題,1
處雜草,1
處雜草問題,1
蛀蟲問題,1
蛇窟,1
蛇鼠,1
被動,1
被徵收,1
訝異,2
訝然失色,2
設施不見了,1
設施危險,2
設施故障,1
設計瑕疵,1
設計錯誤,2
設備故障,2
設置不當,1
設置障礙物,2
許多蚊蟲,2
貧困,1
貧苦,1
貧苦人家,1
貧童,1
貧窮,1
貪心,1
貪汙官吏,1
貪婪,1
貪得無厭,2
貪圖,1
貪戀,1
責怪,2
責備,2
責罵,2
趾高氣揚,3
軟弱,1
軟弱無力,2
軟綿綿,1
逞性子,3
造成阻塞,1
造景路燈故障,2
造景燈故障,1
連環車禍,1
部份故障,1
都會積水,1
野蠻,3
野蠻國家,1
陰冷,1
陰沉,1
陰沉沉,1
陰性,1
陰森,1
陰陽怪氣,1
陰暗空間,1
陰暗處,1
陰廟,2
陰險,1
陰險毒辣,1
雪上加霜,3
魚屍,1
魚屍體,1
鳥屍體,1
鳥屎,1
鳥盡弓藏,2
鳥糞,1
麻木,1
麻木不仁,1
麻煩,1
麻痺,1
剩餘,1
勞而無功,3
唾罵,2
啼笑皆非,2
喜新厭舊,3
喝斥,3
喝酒鬧事,1
喧嘩,1
喧鬧,1
喪志,1
喪盡天良,3
喪魂落魄,1
喪膽,1
單車危險,1
單調,2
單調枯燥,3
單薄,2
幾個坑洞,1
廁所垃圾,1
廁所門故障,1
廁所門鎖故障,1
廁所臭味,1
廁所蚊蟲,1
廁所馬桶不通,1
廁所馬桶故障,1
廁所異味,1
廁所牆面破洞,1
廁所穢氣,1
悲天憫人,2
悲哀,2
悲痛,2
悲痛欲絕,2
悲慘,1
悲劇,1
悲觀,1
悲觀失望,3
悶,1
悶悶不樂,2
惡,1
惡犬議員,1
惡劣,1
惡劣路面,1
惡劣路霸,2
惡劣環境,1
惡事,1
惡性癌症,1
惡況,1
惡法,1
惡毒,1
惡臭,2
惡臭地獄,3
惡臭來源,1
惡臭味,3
惡臭味道,2
惡臭氣味,2
惡臭問題,2
惡臭情形,2
惡臭情事,2
惡臭情況,2
惡臭產生,2
惡臭異味,2
惡臭源,2
惡臭影響,2
惡臭環境,2
惡意民眾,2
惡意行為,2
惡鄰居,3
惰性,1
惱人問題,1
惱人部分,1
惱人聲響,2
惱怒,3
惱羞成怒,3
惶恐,2
惶恐不安,2
愣住,1
提心吊膽,1
提高房價,2
提高租金,2
揪心,1
散發臭味,2
散發異味,1
散發異味情況,1
散亂,1
散亂四周,1
散漫,1
斑駁水泥,1
斑駁狀況,1
斑駁狀態,1
斑駁故障,2
斑駁情形,1
斑駁影響,1
斯文掃地,3
景觀殺手,2
景觀路燈故障,1
景觀燈不亮,1
景觀燈故障,1
最差,2
最終受害者,2
最壞,2
最爛,3
朝三暮四,3
期間車禍事故,1
期間颱風災害,2
期間噪音,1
棘手,1
棘手案件,1
植物死活,1
植物屍體,2
植物病蟲害,1
椎心泣血,1
欺詐性,1
欺騙人民,1
欺騙大眾,1
欺騙市民,1
欺騙民眾,1
殘忍,1
殘忍行徑,1
殘留廢土,1
殘破,1
殘破不全,3
殘破補丁,2
殘酷,3
殘酷無情,3
殘暴,2
渴求,1
渴望,1
游移,1
渺小,1
渺茫,1
渾渾噩噩,3
渾濁,1
湯汁油漬,2
無人員清掃,1
無人過問,3
無力負擔,1
無口才,1
無中生有,2
無心,1
無目的,1
無光澤,1
無地自容,1
無助,1
無助市民,1
無助改善,1
無助樹根,1
無吸引力,1
無足輕重,1
無事生端,2
無依無靠,3
無奈被,1
無所謂,1
無所幫助,2
無法,1
無法可管,2
無法通行,1
無法無天,3
無的放矢,2
無知,1
無知市民,1
無知百姓,1
無知群眾,1
無表情,1
無故,2
無眉目,1
無紀律,1
無計劃,1
無限制,1
無原則,1
無效,1
無效改善,2
無根據,3
無特色,1
無益,1
無能,1
無能為力,3
無能效率,2
無能總統,3
無記名,1
無動於衷,3
無情,1
無情無義,3
無教養,1
無涵養,1
無理,1
無聊,1
無聊人士,1
無視,1
無傷大雅,3
無意義,1
無節制,1
無補於事,3
無誠意,2
無道德觀念,3
無預警,1
無實質,1
無端端,2
無精打采,2
無價值,1
無稽之談,3
無緣無故,2
無憑無據,3
無賴,1
無濟於事,3
無禮,1
無證據,1
無關大局,3
無關痛癢,3
無關緊要,2
焦急子女,1
焦慮,1
煮豆燃萁,3
猥瑣,2
猥褻,1
猴急,2
猶疑,1
猶豫,1
猶豫不決,3
猶豫不前,3
痛,1
痛不欲生,3
痛心,1
痛恨,3
痛苦指數,1
痢頭,1
登革熱疫區,3
登革熱疫情,2
登革熱疫情問題,1
登革熱案例,1
登革熱疾病,2
登革熱病媒,3
登革熱病媒蚊,3
登革熱蚊,3
登革熱問題,1
登革熱發源地,2
登革熱藥劑,1
發毛,1
發火,3
發生交通事故,2
發作,1
發呆,1
發牢騷,2
發狂,1
發育不全,2
發怒,3
發狠,2
發脾氣,3
發飆,3
盜竊土石案,2
短淺,1
硬生生,1
硬性,1
稀鬆平常,1
窘迫,1
等不及,1
等到死人,1
等到意外,1
結巴,1
絕情,1
絕望,2
聒噪,1
脾氣火暴,2
脾氣急躁,2
脾氣壞,1
脾氣爆躁,2
萎靡不振,2
著急,1
虛幻,1
虛有其表,3
虛弱,1
虛假,1
虛偽,1
虛設,1
虛無縹緲,3
虛無飄渺,3
虛榮,1
虛驚,1
街路面坑洞,1
街頭藝人惡性,1
街頭藝人噪音,1
裂痕情形,1
裂縫地點,1
裂縫所在,1
裂縫空隙,1
裂縫時會,1
裂縫破洞,1
裂縫問題,1
裂縫路面,1
裂縫嚴重性,1
視同兒戲,3
視野不佳,1
視線不佳,2
視線不便,1
視線死角,1
視線死角問題,1
視線問題,1
視線黑暗,1
視覺死角,2
訴訟官司,1
訴訟的官司,1
詛咒,3
費力,1
費工夫,1
費功夫,1
費勁,1
費時,1
超挖地段,2
超重,1
超級危險,3
超級坑,2
超級差,2
超級慘,2
跋扈,1
跌倒,2
跌破眼鏡,2
週遭廢棄物,1
週邊坑洞,1
進出困難,1
進退兩難,1
開始故障,1
開放財團,1
開關故障,1
間隙高低落差,1
階梯危險,1
階梯式坑洞,1
階梯時不易,1
黃色封條,1
黃色封鎖線,1
黃色路燈故障,1
黃色塵土,1
黃色障礙物,1
黑心,1
黑心食品,2
黑心腸,1
黑乎乎,1
黑板樹氣味,1
黑板樹臭味,1
黑板樹弊,1
黑板樹斷根,1
黑蚊,1
黑蚊情形,1
黑蚊數量,1
黑暗,1
黑暗地帶,1
黑暗處,1
黑暗期,1
黑道人士,2
黑道背景,2
黑漆漆,1
黑漆漆影響,1
黑濛濛,1
亂,1
亂七八糟,1
亂了方寸,1
亂大小便,2
亂大便,2
亂成一團,3
亂便溺,2
亂哄哄,1
亂要求,1
亂章,1
亂報,1
亂象,1
亂開發,1
亂源,1
亂像,1
亂種,1
亂碼,1
亂糟糟,1
亂擺,1
亂竄,1
傲慢,1
傳染日本腦炎,2
傳染物,2
傳染疾病,2
傳染病問題,2
傳染病疑慮,2
傳染登革熱疫情,2
傳統白光故障,1
傷亡車禍,2
傷口深度,1
傷天害理,3
傷心,1
傷者痛苦,1
傷風敗俗,3
傷害人民權利,3
傷害市民卻不,2
傷害行人,1
傷害住戶視力,1
傷害車體,1
傷害兒童,3
傷害社區大樓,1
傷害草木,1
傷害草皮,1
傷害財,1
傷害樹根,1
傷害鐵皮,1
傷神,1
傷悲,1
傷腦筋,1
傻乎乎,1
傻里傻氣,1
傻眼,2
傾斜,1
剽悍,2
勢不兩立,2
勢利,1
勢利眼,1
嗓子不好,1
嗔怒,3
嗤之以鼻,3
嗲聲嗲氣,2
圓形破洞,1
圓形裂縫,1
塌陷,2
塑膠袋垃圾,1
塞住水溝,2
嫌棄,1
廉價,1
微不足道,3
微薄希望,1
微薄想法,1
微薄薪資,2
想不開,1
愁眉不展,1
愁眉苦臉,2
愁容滿面,2
意外危險,1
意外車禍,2
意外事件,2
意外事故,2
意外後果,2
意外風險,2
意外時,1
意外情事,2
意味深長,1
意故障,1
意圖賤價,1
愚民政策,1
愚昧,1
愚昧無知,3
愚笨,1
愚蠢,1
愛理不理,1
感情糾紛,1
感傷,1
感應器故障,1
感覺不便,1
感覺坑洞,1
愧,1
愧疚,1
愧對,1
慌恐,2
損人利己,3
損失,1
損耗輪胎,1
損傷乙案,1
損傷情形,1
損壞,1
搖晃情形,1
搖頭晃腦,1
搖擺,1
新刮痕,1
暈頭轉向,3
暗中,1
暗地裡,1
暗自,1
暗沉沉,1
暗黑,1
楚楚可憐,1
極度悲哀,3
極度悲傷,2
極為不平,2
極差,3
概念化,1
毀壞市容,2
毀壞情形,1
溝水泥破洞,1
溝異味,1
溫室效應,1
溶劑甲醛味道,2
滂沱影響,1
滅絕人性,3
滑危險,1
滑板噪音,1
滑梯扶手故障,1
滑梯故障,1
滑頭滑腦,3
煙蒂紙屑,1
煙霧瀰漫,2
煤炭味,1
照本宣科,3
照明度不夠,1
照明燈已故障,1
照明燈故障,1
煩悶,1
煩惱,1
煩厭,1
煩瑣,1
煩憂,1
煩躁,2
瑕疵問題,1
當地雨天積水,1
當地惡霸白銀,2
當地路面積水,1
當地權勢人士,1
當年政府錯誤,1
當面反映,1
當時工程砂石,1
當路霸,1
當頭棒喝,3
當藉口,1
當壞人,2
畸形,1
畸形現象,1
睜一隻眼閉一隻眼,2
碎石粉塵,1
碎石粒,1
碎石殘渣,1
碎石彈,1
碎石積水,1
碎玻璃,1
禽流感後果,2
禽流感疫情,1
禽流感病毒,2
禽流感高峰,3
禽流感問題,1
禽流感傳染,2
禽鳥糞便,2
禽獸不如,3
稚氣,1
窟窿時落差,2
經濟拮据,2
經驗不足,3
罪惡,1
罪惡多端,3
罪惡昭彰,3
罪惡滔天,3
罪該萬死,3
罪孽深重,3
置之不理,3
置之不顧,3
群魔亂舞,3
義正詞嚴,1
義憤填膺,2
肆無忌憚,2
腥臭,1
腥膻色,3
腳掌大小坑洞,1
腸病毒,2
萬念俱灰,2
萬惡,1
萬箭穿心,1
萬籟俱寂,1
落日政策,1
落伍,1
落後,1
落後地方,1
落後城市,1
落後原因,1
落後區域,1
落後國家,1
落後進度,1
落差人孔,1
落差人行道,1
落差人行道路面,1
落差狀況,1
落差高低,1
落差問題,1
落差情形,1
落差情事,1
落差路面,1
落差關係,1
落葉灰塵,1
落葉垃圾,1
落葉泥巴,1
落葉問題,1
落葉情形,1
落葉情況,1
落葉期,1
落葉噪音,1
落葉樹枝,1
落寞,1
葉子碎屑,1
蛻化,1
蛻化變質,1
補釘痕跡,1
補救枯樹,1
補補破洞,1
裝備不良,1
裝腔作勢,2
裝模作樣,2
裝樣子,2
詬病,1
詭計多端,2
詭譎,1
該死,1
誇張,2
誇張行徑,2
資料不透明,2
資料都不見了,2
資料錯誤,1
資訊文字錯誤,1
資訊錯誤,1
賊頭賊腦,3
路人不便,1
路人生命財產,1
路人危險,1
路人危險性,1
路人安全,1
路人安危,1
路人安危問題,1
路人恐慌,1
路人疑慮,1
路人觀感,1
路口地主路霸,2
路口死角,1
路口坑洞,1
路口車禍,1
路口車禍頻率,1
路口視線死角,1
路口路面坑洞,1
路口路面積水,1
路工程噪音,1
路中央坑洞,1
路危險,1
路坑洞,1
路坑洞孔,1
路角積水,1
路肩樹坑洞,1
路段危險,2
路段坑洞,1
路段到處坑洞,2
路段馬路坑洞,1
路段高低,1
路段高低落差,1
路段路面坑洞,1
路段路燈故障,1
路段道路坑洞,1
路段道路破洞,1
路段道路雜草,1
路段噪音,1
路段錯誤,1
路段雜草,1
路面也積水,1
路面大小補丁,1
路面大片積水,1
路面不平,2
路面凹洞,1
路面凹洞部分,1
路面污水,1
路面坑洞直徑,1
路面坑洞問題,1
路面坑洞情形,1
路面坑洞情況,1
路面坑洞碎石,1
路面坑洞補丁,1
路面垃圾,1
路面油漬,1
路面波浪,1
路面泥沙,1
路面泥濘,1
路面的坑洞,1
路面的碎石,1
路面的落差,1
路面的鐵片,1
路面柏油坑洞,1
路面突出,2
路面破洞,2
路面破爛,2
路面高地落差,1
路面高低落差,1
路面高度落差,1
路面側面落差,1
路面掏空,2
路面淤泥,1
路面部分凹洞,1
路面都會積水,1
路面裂痕,1
路面裂縫,1
路面裂縫坑洞,1
路面落差,1
路面落差坡度,1
路面落差問題,1
路面落差情形,1
路面落差情事,1
路面落差部分,1
路面落差意外,2
路面補丁,1
路面補釘,1
路面積水,1
路面積水時,1
路面積水問題,1
路面積水情形,1
路面積水道路,1
路面濕滑,1
路面聲響噪音,1
路面雜物,1
路面雜草,1
路狹隘,1
路牌名稱錯誤,1
路路邊雜草,1
路道高低落差,1
路障故障,1
路障案件,1
路障情事,1
路標指示燈故障,1
路線根本坑洞,1
路線圖不見了,2
路緣落差,1
路樹不見了,2
路樹斷肢,1
路樹斷根,1
路樹斷落,1
路樹雜草,1
路燈已故障,1
路燈不亮,2
路燈白光故障,1
路燈全部故障,2
路燈角度錯誤,1
路燈故障,1
路燈故障多日,2
路燈故障次數,1
路燈故障時,1
路燈故障案件,1
路燈故障問題,1
路燈故障情形,1
路燈故障情況,1
路燈故障期間,1
路燈故障機制,1
路燈都故障,2
路邊雜草,1
路霸行為,1
路霸位置,1
路霸事件,1
路霸問題,1
路霸情形,1
路霸惡行,2
路霸路霸,1
路壩,1
農作困難,2
農業害蟲,1
遊客負面印象,1
運動不便,1
運動設施故障,1
運動器材故障,1
過分擁擠,2
過分操心,2
過分簡單化,2
過去噪音,1
過於茂盛,1
過河拆橋,3
過度,1
過時,2
過時危險性,1
過時產生,1
過時噪音,1
過時聲響,1
過時爛泥巴,1
過氣,2
過站未停,3
過意不去,1
過慮,1
道路不平整,1
道路凹洞,1
道路死角,1
道路坑洞,1
道路坑洞大小,1
道路坑洞工程,1
道路坑洞事宜,1
道路坑洞問題,1
道路坑洞部分,1
道路坑洞單位,1
道路坑洞潭子,1
道路坑洞關係,1
道路泥濘,1
道路糾紛,1
道路狹隘,2
道路破洞,1
道路破爛,2
道路秩序,1
道路高低落差,1
道路掏空,3
道路裂縫,1
道路碎石問題,1
道路落差,1
道路補丁,1
道路路面坑洞,1
道路廢棄物辦法,1
道路噪音塵土,1
道路積水,1
道路積水原本,1
道路積水問題,1
道路積水情形,1
道路雜草,1
道貌岸然,3
道德敗壞,3
道德議題,1
違反水土保持法,1
違建,1
違停,1
違章廟宇,1
違規,1
違規者公務人員,2
違規者將,1
零七八碎,1
零件故障,1
零星,1
零星坑洞,1
零星垃圾,1
零散,1
零散水泥,1
零亂,1
零碎,1
零零散散,1
零零碎碎,1
電桿位移,1
電桿缺口,1
電話人員態度,1
電話口氣,1
電話不通,2
電話錯誤,2
電線危險,2
電線疑慮,1
電線斷落,3
電燈故障,1
電纜線斷落,3
頑皮,1
頑劣,1
頑固,1
頑強,1
鼓聲噪音,1
像狗皮藥膏,1
像迫擊砲靶場,2
像個垃圾場,2
僥倖心態,2
匱乏問題,2
厭恨,3
厭倦,2
厭惡,3
厭煩,3
嘀咕,1
嘔吐,1
圖利私人,1
塵土汙垢,1
塵土灰塵,1
塵土飛揚,1
塵沙到處,1
塵砂,1
寡言少語,2
寡斷,1
寥寂,1
實小民怨,1
實非重點,1
實際不足,1
實際坑洞,1
實屬不易,2
實體路障,2
對象錯誤,1
屢勸不聽,1
弊案,3
弊端問題,2
彆扭,1
態度不佳,2
慘不忍睹,3
慘況,2
慘烈,1
慘無人道,3
慘痛,1
慘絕人寰,2
慚愧,1
慢車道危險,2
慢車道困難,1
慢車道坑洞,1
慢車道缺口,1
慢車道高低,1
慢車道路面坑洞,1
慢車道積水,1
慢性傷害,2
慪氣,1
慵懶,1
摔車,2
摔傷,2
榻危險,1
榻問題,1
槁木死灰,2
滿天灰塵,3
滿目瘡痍,3
滿臭蟲,1
滿滿障礙,1
滿臉橫肉,2
漂浮,1
漆黑,1
漆黑夜晚,1
漏水,1
漏洞百出,3
漠不關心,3
漠視,2
漫不經心,3
漫不經意,3
漫長程序,1
漫長等待,1
漫無目的,1
漫無目標,3
漫無邊際,2
漫罵,3
獐頭鼠目,2
瑣芝麻小事,1
瑣碎,1
瑣碎新聞,1
疑神疑鬼,1
疑惑,1
疑慮,1
疑慮重重,1
疑慮問題,1
疑慮情事,1
瘋狂,1
瘋瘋癲癲,2
監視器已故障,2
睡眠不便,1
睡眠品質,1
睡眠時間,1
睡眠問題,1
禍不單行,2
禍從天降,2
精力枯竭,2
綠地雜草,1
網球噪音,1
緊急危難,1
緊急安全,1
緊急災害,2
緊急事件,1
緊急事故,1
緊急事情,1
緊急事項,1
緊急狀況,1
緊急剎車,1
緊急排水,1
緊急措施,1
緊急處理,1
緊急處置,1
緊急部份,1
緊急程度,1
緊急煞車,1
聞風喪膽,1
腐化,1
腐朽破洞,1
腐臭,1
腐敗,1
腐敗墮落,3
腐蝕,1
腐爛,2
腐爛屍,2
蒼白,1
蒼白無力,1
蒼涼,1
蒼蠅蚊蟲,1
蓋子不見了,2
裸露,1
誓不兩立,2
語重心長,1
語無倫次,3
誤診,1
說不過去,2
說來話長,2
說怪話,2
說法錯誤,1
說風涼話,2
豪放不羈,1
豪雨積水,1
趕盡殺絕,3
輕浮,3
輕淡,3
輕率行為,2
輕描淡寫,2
輕微裂紋,1
輕微腦震盪,1
輕微積水,1
鄙視,1
酸臭,1
酸臭味,1
酸溜溜,2
銀髮族不便,1
隙縫高低落差,1
需要,1
需要公會,1
需要市長團隊,1
需要扶手,1
需要屋,1
需要建設局,1
需要原本,1
需要時間,1
需要睡眠,1
需要樹醫生,1
頗有微詞,2
頗為重要,1
領高薪卻不,1
領乾薪,2
颱風災害,1
颱風故障,1
颱風風災,1
颱風強風,1
颱風壓,1
骯髒,1
骯髒棉被,1
骯髒導致,1
魂飛魄散,1
鼻子黑青,1
鼻水流,1
鼻酸,1
僵硬,1
劇毒,1
劍拔弩張,3
嘩然,1
噁心,1
噁心味道,1
墜落山涯,2
墜落危險,1
墜落情況,1
墜落意外,1
嬉笑怒罵,3
嬌生慣養,3
嬌弱,1
嬌羞,1
寬度驟減,1
寬恕,1
廠商嫌疑,1
廢水廢氣,1
廢物,3
廣告科漏洞,1
廣場內亂竄,1
影象全部故障,2
影響,1
影響人行道,1
影響人車,1
影響人體,2
影響大家,1
影響大眾,2
影響大眾權益,3
影響大樓,1
影響大樓住戶,1
影響小朋友,2
影響工地人員,1
影響工程,2
影響工程車,1
影響工廠,1
影響公司,1
影響公安,3
影響公車,1
影響公眾,2
影響公眾權益,2
影響公園,1
影響公園使用者,1
影響天橋結構,1
影響日間,1
影響水土,2
影響水流,2
影響水溝,2
影響他人,1
影響他人身體,2
影響出入口,1
影響卡車,1
影響台中市門戶,2
影響台電線路,2
影響市公車,2
影響市民,1
影響市民住家,1
影響市民權利,2
影響市政府,2
影響市容,2
影響市容美觀,1
影響市容景觀,1
影響市容觀感,1
影響本市,1
影響民宅,1
影響民眾,1
影響民眾生命,3
影響民眾安全,3
影響民眾安危,3
影響民眾行程,1
影響民眾假日,1
影響民眾視線,1
影響民眾權益,2
影響民眾觀感,1
影響生計,1
影響生意,1
影響生態環境,2
影響用戶權益,1
影響田地,1
影響交通,1
影響光線,1
影響全局,2
影響地下管線,2
影響地基,2
影響地質,2
影響安全,3
影響安危,3
影響年長者,1
影響老年人,1
影響老百姓,1
影響自行車,1
影響行人,1
影響行人安全,2
影響行人通行,2
影響行人視線,1
影響行車安全,3
影響住戶,1
影響住戶住家,1
影響住宅結構,2
影響住家,1
影響住家地基,2
影響作物,2
影響汽車,1
影響汽機車,1
影響身體,1
影響車子,1
影響車道,1
影響車輛,1
影響車輛視線,1
影響兒童,1
影響周圍招牌,1
影響周遭住戶,1
影響周遭商家,1
影響周邊住戶,1
影響夜晚,1
影響夜間,1
影響居民,1
影響居民安寧,3
影響居民道路,1
影響店家,1
影響店家生意,1
影響房屋外觀,1
影響房屋地基,2
影響房屋結構,3
影響社區,2
影響社區居民,1
影響空氣,2
影響空氣品質,3
影響肺部,3
影響花草,1
影響附近,1
影響孩童,2
影響建設局,1
影響後方,1
影響美觀,1
影響重劃區工程,1
影響風水,1
影響乘客,1
影響候鳥生態,2
影響家長車輛,1
影響時間,1
影響消防車,2
影響秧苗,1
影響能見度,1
影響假日民眾,1
影響區域,2
影響商家,1
影響情緒,1
影響排水溝,1
影響晨間,1
影響貨車,1
影響景觀,1
影響視線,1
影響視線能見度,1
影響週圍,1
影響當地居民,1
影響腳踏車,1
影響路人,1
影響路段,1
影響路段區域,1
影響路面,1
影響路面結構,2
影響路面壽命,1
影響路樹,1
影響路燈,1
影響路燈夜間,2
影響農田,1
影響農作物,1
影響遊客,1
影響道路,1
影響道路品質,1
影響道路結構,2
影響電線桿線路,2
影響壽命,3
影響慢車道機車,1
影響睡眠,1
影響睡眠品質,2
德性,1
憂心,1
憂心小朋友,2
憂心未來,1
憂心民眾,1
憂心民進黨,1
憂心忡忡,1
憂心雨季,2
憂心枯枝,1
憂心強風,2
憂心颱風,3
憂傷,1
憂愁,2
憂煩,1
憂慮,1
憂鬱,1
憋氣,1
憎恨,1
憐惜,1
憐憫,1
憤世嫉俗,3
憤怒,3
憤憤不平,3
撲朔迷離,2
敵對,1
數落,2
暴力方式,2
暴力行為,2
暴雨後,1
暴跳如雷,3
暴躁,1
樓不便,1
樓不通,1
樓高低落差,1
樓路面落差,1
標線錯誤公車,1
模稜兩可,2
模糊,1
模糊不清,3
模糊地帶,2
模糊狀況,1
模糊空間,1
模糊情事,1
潑辣,1
潛在危險,2
潛在車禍,2
潛在風險,2
潛在細菌,2
潭美颱風,1
潮濕泥濘,1
潮濕狀況,1
瘡痍滿目,2
瘦弱,1
盤根錯節,2
窮凶極惡,3
窮困,1
窮困潦倒,3
窮苦,1
窮途末路,3
窮途潦倒,3
窮極潦倒,3
窮酸,1
糊里糊塗,2
糊塗,1
糊糊塗塗,2
線都不見了,2
線路故障,1
線道路面坑洞,1
線道路面高低,1
緣落差,1
罵人,3
罵得狗血淋頭,3
膚淺,1
衛生疑慮,2
複合型,1
複雜,1
複雜多變,2
褒貶,1
談何容易,1
請加強,1
請儘快修補,2
請儘速,2
諒解,1
諸多不便,2
諸多坑洞,2
諸多批評,2
諸多災害,3
諸多缺失,2
諸多蚊蟲,2
諸多問題,1
諸多疑點,2
賣不掉,1
賤,1
賤民,3
質疑,2
賭博,1
踟躕不前,1
輪胎大小坑洞,1
輪椅不便,1
遭遇風災,1
遮住,1
遮蔽,1
遷怒,1
醉翁之意不在酒,2
銳利,1
銳利危險,2
銳利角,1
銳利物,1
銳利邊緣,1
銳角問題,1
鋒利,1
鋒利刀片,2
鋒利危險,2
鋒利面,1
鋒利銳角,1
鋪張浪費,2
震怒,1
震驚,1
霉臭味,2
靠山淫威,2
靠不住,2
駕駛人不便,1
鬧性子,2
鬧哄哄,1
鬧情緒,2
鬧脾氣,2
魄散魂飛,1
魯莽,2
鴉雀無聲,1
儘快拓寬,1
儘快鋪平,1
儘速予以排除,1
器材故障,1
器材翹翹板故障,1
器具黑煙,1
器故障,1
器故障所,1
器錯誤,1
噪音,2
噪音問題,1
噪音情形,1
噪音情事,1
噪音情況,1
噪音部分,1
噪音過大,2
噪音疑慮,1
壁蝨,1
壁燈故障,1
壁癌,2
壁癌問題,2
壁癌情形,2
學生危險,2
學生安危,2
學童危險,2
學童安全,2
學童暴力行為,3
學識淺薄,2
導致火災,2
導致危險,2
導致坑洞,1
導致災情,2
導致車禍事故,2
導致事故,2
導致枝葉斷落,1
導致故障問題,1
導致枯枝,1
導致砂石粉塵,1
導致剝離,2
導致臭味,2
導致蚊子,1
導致蚊蟲,1
導致馬路補丁,1
導致異味,2
導致登革熱疫情,3
導致路面坑洞,1
導致路面積水,1
導致塵土,1
導致噪音,1
導致積水,1
導致積水多日,2
導致積水情事,1
導致聲響,1
憑白無故,2
憑空,1
懈怠,1
懊悔,1
懊惱,1
戰戰兢兢,1
擁擠,1
擁擠不堪,3
擅自,1
擋住路燈,1
操心,1
擔心,1
擔心毛小孩,1
擔心民眾,1
擔心危險,2
擔心地基,2
擔心安全,2
擔心行人,1
擔心行為人,2
擔心車輛,1
擔心泥巴,1
擔心社區,2
擔心病媒,2
擔心高低落差,1
擔心進度,1
擔心碎石,1
擔心路人,1
擔心颱風,2
擔心颱風大雨,2
擔憂,1
整個報銷,2
整個斷裂,2
整個彎曲,1
樹木枯枝,1
樹木病毒,2
樹木破壞力,2
樹木傳染病已,2
樹木墳場,2
樹木斷根,1
樹木雜草,1
樹皮都不見了,2
樹枝垃圾,1
樹枝斷落,1
樹枝斷落情形,1
樹型錯誤,1
樹根已蛀,1
樹病蟲害,2
樹幹斷落,1
樹幹斷落差點,1
橄欖球大小坑洞,1
橋面坑洞,1
橋面積水,1
橋樑安全,1
橋樑結構安全,2
橋樑瑕疵問題,1
橋橋面積水,1
機車危險,2
機車車輪坑洞,1
機車事故,1
機車族安全,1
機車殺手,2
機車騎士不易,1
機車騎士生命,2
機車騎士安危,2
機車騎士車禍,2
機具噪音,1
機器故障,1
橫蠻無理,3
激烈反應,3
激動人心,2
激進,3
激進方式,3
激憤,3
濃厚臭味,2
濃厚異味,3
濃重尿,3
濃烈臭味,3
濃烈異味,3
濃濃異味,3
燃燒廢棄物,2
燈已故障,1
燈不亮,1
燈方向錯誤,1
燈目前故障,1
燈具故障,1
燈泡故障,1
燈故障,1
燈故障紅綠燈,1
燈殼不見了,2
燈罩位移,1
燈罩角度問題,1
燈飾故障,1
燈管廢棄物,1
燙手,1
燙傷幼童,3
獨裁,1
瞠目結舌,2
磚下方地基,1
磨損車體,1
磨損情形,2
積水,1
積水不通,2
積水泥濘,2
積水狀況,1
積水狀態,1
積水原因,1
積水問題,1
積水情形,1
積水情事,1
積水情況,1
積水現象,1
積水路段,1
積水路面,1
積水疑慮,1
親人安危,2
諷刺,2
賴皮,1
輻射問題,2
遲延利息,1
遲鈍,1
遲疑,1
遲疑不決,1
遲遲無法,2
遺漏,1
遺憾,2
鋼筋裸露,1
鋼筋鏽蝕,2
錙銖必較,3
錯愕,1
錯亂,1
錯綜複雜,3
錯誤,1
錯誤分機號碼,1
錯誤方向,1
錯誤百出,3
錯誤作法,1
錯誤車道,1
錯誤事情,1
錯誤法規,1
錯誤訊息,1
錯誤情形,1
錯誤部分,1
錯誤簡訊,2
隨心所欲,3
隨便,1
隨便弄一弄,2
隨風使舵,3
隨風轉舵,3
隨意大小便,2
隨意小便,1
隨意便溺,1
隨隨便便,3
險惡,1
險象萬分,2
險象環生,2
頤指氣使,3
頭痛,1
頭痛人物,1
頭等垃圾,1
頭等雜物,1
頭腦空虛,2
頹喪,2
頹廢,2
駭人聽聞,3
龍眼樹蟲害,1
龜裂,1
優柔,1
優柔寡斷,3
嚇人,1
壓迫小民,3
壓迫百姓,2
尷尬,1
尷尬危險,2
尷尬窘境,2
懇請儘速,1
應有實質效益,1
應有態度,1
懦弱,1
擠得水洩不通,2
曖昧,2
檢討改善,1
檢討問題,1
爵士音樂節噪音,1
爵士樂垃圾,1
牆面破洞,1
牆面裂縫,1
環境公害,3
環境日夜噪音,2
環境生態,1
環境因素,1
環境安全,1
環境事務,1
環境周遭,1
環境空氣品質,2
環境品質,1
環境品質空氣,2
環境問題,1
環境景觀,1
環境景觀生態,2
環境塵土,1
環境衛生,2
環境衛生問題,2
瞧不上眼,1
瞧不起,1
瞬息萬變,3
矯情,1
矯情造作,3
矯揉造作,3
糜爛,1
糞便問題,1
糞便部分,1
糟糕,1
縫隙過大,1
縮頭縮腦,3
縱容中華路,1
縱容參與者,1
縱容街頭藝人,1
繁重,1
繁亂,1
繁瑣,1
繁複,1
繁雜,1
繁難,1
聲響問題,1
聲響情形,1
聲響噪音,2
聲響噪音問題,2
聳人聽聞,3
膽小,1
膽小如鼠,3
膽小怕事,3
膽怯,2
膽戰心驚,1
膽顫心驚,1
臉皮薄,1
臉紅耳熱,1
臉紅脖子粗,1
臨時起義,1
舉棋不定,2
艱巨,2
艱辛,2
艱苦,2
艱澀,2
艱難,2
薄弱,2
薄情,2
虧心,1
蟑螂老鼠,1
醜陋,2
醜惡,2
闊氣,1
闊綽,1
隱性,1
隱約,1
隱憂,2
隱隱約約,1
鴿子排泄物,1
鴿子糞便,1
鴿子糞便已,1
擴音器噪音,2
擴音器噪音已,2
擴音器聲音,2
擴音器聲響,2
擾民,1
擾攘,1
斷裂危險,1
斷裂枯木尖刺,1
斷裂情形,1
斷裂情況,1
斷裂痕跡,1
斷裂路樹,1
斷裂樹枝,1
斷裂樹枝問題,1
斷裂樹種,1
斷落天線,1
斷落樹枝,1
斷落樹幹,1
斷頭路燈,1
朦朧,1
檳榔渣,1
簡陋,1
簡陋木梯,1
簡陋言詞,1
繞行,2
翹尾巴,1
翻手為雲，覆手為雨,2
職務罪,1
職業災害,1
舊,1
舊公車站,1
舊公寓,1
舊水塔,1
舊水溝,1
舊火車站,1
舊市場,1
舊式,1
舊式傳統,1
舊式路燈,1
舊有收費站,1
舊有坑洞,1
舊有房舍,1
舊有建築,1
舊有宿舍,1
舊有路面,1
舊有道路,1
舊有電線,1
舊有管道,1
舊有管線,1
舊有廟宇,1
舊有噪音,1
舊有鐵道,1
舊官僚,1
舊房,1
舊房子,1
舊河道,1
舊版,1
舊的外圈水泥,1
舊的地磚,1
舊的安全島,1
舊的住址,1
舊的社區,1
舊的盆栽,1
舊的紅磚,1
舊的設施,1
舊的路名,1
舊的路面,1
舊的路燈,1
舊的路邊,1
舊的道路,1
舊的電纜線,1
舊的管線,1
舊的標線,1
舊的樹根,1
舊的鐵路,1
舊屋,1
舊巷道,1
舊建築,1
舊政府,1
舊宿舍,1
舊規定,1
舊街,1
舊街路,1
舊郵局,1
舊資訊,1
舊路,1
舊路口,1
舊路面,1
舊路燈,1
舊農會,1
舊道路,1
舊圖書館,1
舊樹,1
舊橋,1
舊橋梁,1
舊機場,1
舊縣區,1
舊警察局,1
舊欄杆,1
舊鐵道,1
藐小,1
藐視,3
蟲蛀,1
謾罵,3
雜草,1
雜草重生,1
雜草問題,1
雜草淤泥,1
雜草樹木,1
雜草樹枝,1
雜草環境,1
雜草叢生,1
雜牌,1
雜亂,1
雜亂無章,3
雜亂線路,1
雞毛蒜皮,2
雞犬不寧,2
雞屎,1
雞蛋裡挑骨頭,2
離題,1
離譜,2
離譜理由,2
鞭炮噪音,1
額外花費,1
額外負擔,1
餿水桶,1
騎士危險,1
騎虎難下,1
鬆垮,1
鬆動,1
鬆動導致,1
鬆脫搖晃,1
鬆散,1
壞脾氣,3
壟斷市場情形,1
寵物臭味,1
寵物排泄物,2
懵懂,1
懵懵懂懂,2
懶,1
懶到極點,2
懶洋洋,2
懶得,2
懶惰,1
懶散,1
懷恨在心,3
懷著惡意,3
懷疑,2
瀝青臭味,2
爆炸危險,2
爆炸性,1
癡呆,1
礙眼,1
藝人噪音,1
證據水溝臭味,1
譏諷,1
邋裡邋遢,3
邋遢,1
關係生命安全,2
難上加難,2
難以溝通,2
難生活,1
難吃,1
難行走,1
難受,2
難表達,1
難保證,1
難為情,2
難相處,1
難看,1
難計算,1
難清洗,1
難理解,1
難處理,1
難堪,2
難過,2
難馴服,1
難管理,1
難聞,1
難聞氣味,2
難聞臭味,2
難聞情形,1
難聞異味,2
難說話,1
難聽,1
霧裡看花,1
顛三倒四,1
顛倒,1
顛簸,1
顛簸不便,1
顛簸危險,1
顛簸坑洞,1
顛簸感受,1
顛簸感覺,1
顛簸路面,1
騙人,1
龐然物,1
龐雜,1
嚴苛,1
嚴重,1
嚴重不足,1
嚴重不便,2
嚴重凸起,2
嚴重凹凸,2
嚴重凹洞,3
嚴重危害,3
嚴重危險,3
嚴重污染,3
嚴重災情,3
嚴重車禍,3
嚴重狀況,2
嚴重阻塞,2
嚴重阻擋,2
嚴重病蟲害,2
嚴重破洞,2
嚴重破裂,2
嚴重缺失,2
嚴重臭味,2
嚴重蚊蟲,1
嚴重堵塞,2
嚴重情形,1
嚴重情事,1
嚴重淤塞,2
嚴重異味,2
嚴重裂痕,2
嚴重傷亡,2
嚴重傷害,2
嚴重意外,2
嚴重損耗,2
嚴重損傷,2
嚴重落差,2
嚴重路障,2
嚴重路霸,2
嚴重影響,2
嚴重噪音,2
嚴重磨損,2
嚴重積水,3
嚴重錯誤,2
嚴重斷裂,2
嚴重斷層,2
嚴重懷疑,1
嚴重觸法,2
嚴重鏽蝕,1
嚴重變形,1
嚴肅,1
嚴厲,1
嚴厲抗議,2
懸念,1
懸空,1
懸崖危險,1
懺悔,1
籃球大小坑洞,1
籃球大小洞,1
籃球坑洞,1
覺得自己理虧,2
觸犯刑法第,1
觸目驚心,3
警笛聲響,1
警報器聲響,1
鏽蝕狀態,1
鏽蝕現象,1
鏽蝕部分,1
騷動噪音,1
騷擾,1
懼怕,1
爛,2
爛泥巴路,1
爛透了,3
爛路,3
爛爆了,3
蠢,1
蠢笨,2
蠢頭蠢腦,3
譴責,2
躊躇,1
躊躇不決,1
躊躇不前,1
轟隆隆聲響,1
鐵公雞一毛不拔,3
鐵片聲響噪音,1
鐵片鏽蝕,1
鐵石心腸,3
鐵板高低落差,1
鐵板噪音,1
霸氣,1
霸道,1
霸道行為,1
顧忌,1
顧慮,1
魔鬼般,1
黯淡,3
囉唆,1
囉嗦,1
囉囉唆唆,1
囉囉嗦嗦,1
囊中羞澀,3
囊空如洗,3
攤位,1
攤商,1
攤商佔用,2
權益問題,1
灑水系統故障,1
灑水設備故障,1
灑水器故障,1
聽天由命,3
驕氣,2
驕傲,1
驕傲自滿,2
驕縱,2
髒,1
髒兮兮,1
髒兮兮狀態,1
髒水馬路汙垢,2
髒亂,1
髒亂民眾,1
髒亂地板,1
髒亂地面,1
髒亂多日,1
髒亂污染,1
髒亂沙坑,1
髒亂事宜,1
髒亂味道,1
髒亂垃圾,1
髒亂狀況,1
髒亂病媒,2
髒亂臭味,2
髒亂停車場,2
髒亂問題,1
髒亂情形,1
髒亂情事,1
髒亂情況,1
髒亂產生,1
髒亂散發,1
髒亂煙蒂,1
髒亂影響,1
髒亂衛生,1
髒亂導致,1
髒亂環境,2
髒亂鴿子,1
髒亂觀感,1
竊占,1
竊佔,2
竊盜情形,2
變化不定,2
變化多端,2
變化無常,2
變化無窮,2
變化萬千,2
變幻莫測,2
變幻無常,2
變心,1
變色,2
變形凹洞,1
變形地面,1
變形柏油路面,2
變相,2
變造,1
變換車道,1
變態,3
變臉,2
顯示器已故障,1
驚人,1
驚呆,1
驚奇,1
驚奇不已,1
驚恐,1
驚悚,1
驚訝,1
驚喜,1
驚慌,1
驚慌失措,1
驚歎,1
驚險,1
驚險畫面,1
驚爆,1
體力不支,1
體力負荷,1
體弱多病,1
癱軟,1
齷齪,3
蠻不講理,3
蠻危險,2
蠻悍,1
蠻橫,1
蠻橫無理,3
觀感問題,1
鬱卒,1
鬱症,1
鬱悶,1
鬱鬱寡歡,1
