一五一十,2
一心一意,2
一目了然,3
一目瞭然,2
一如既往,2
一字不差地,1
一步一腳印,2
一刻千金,1
一定,1
一定深度,1
一定規模,1
一往情深,1
一板正經,3
一律,1
一流,1
一致,1
一致品質,1
一致美觀,1
一哥,1
一般速度,1
一乾二淨,1
一清二楚,2
一筆一劃,2
一筆不苟,2
一等,1
一絲不苟,1
一視同仁,2
一團和氣,2
一塵不染,1
一語雙關,2
一樣有效率,2
一樣健康,2
一樣補助,1
一體化,1
了當,1
了解合法性,1
了解狀況,1
了解政府,1
了解原因,1
了解案件,1
了解案情,1
了解情況,1
了解被,1
了解業者行為,1
了解詳情,1
了解路面問題,1
了解實情,1
人行安全,1
人員安全,2
人給家足,1
人歡馬叫,1
入木三分,3
入味,1
入神,1
入迷,1
十分重要,1
十分滿意,3
下酒,1
下飯,1
千方百計,2
千真萬確,2
千鈞一髮,1
土地賠償金部分,1
大人德政,1
大大方方,2
大大利益,1
大大的改變,1
大大幫忙,2
大公園,1
大方,2
大方向,1
大片土地,1
大片道路,1
大片榕樹,1
大片綠地,1
大功能,1
大功勞,1
大用途,2
大吉大利,1
大吉市民,1
大名鼎鼎,1
大地風情社區,1
大好事,2
大好青空,1
大安全,1
大安全性,1
大有作為,3
大快人心,2
大周,1
大和,1
大空地,1
大空間,1
大花盆,1
大型綠地,1
大型綠色,1
大城市,1
大建議,1
大政見,1
大政績,2
大盆栽,1
大紅大紫,1
大面積,1
大家安全,1
大眼睛,1
大創意,1
大富豪,1
大智慧,2
大游泳池,1
大筆大筆,1
大筆經費,1
大量,1
大想法,1
大慈大悲,2
大範圍,1
大膽,1
大雞腿,1
小小心願,1
小小安全,1
小小改善,1
小小建議,1
小心,1
小心翼翼,2
小心謹慎,2
小巧玲瓏,3
小市民安全,1
小有名氣,2
小希望,1
小協助,1
小型公園,1
小型音響,1
小型植物,1
小建議,1
小活動,1
小盆栽,1
小面額,1
小康,1
小康市場,1
小樹,1
小樹木,1
小樹枝,1
小樹苗,1
小嬰兒,1
山明水秀,1
山搖地動,1
工地安全,1
工商團體權益,1
工程必要性,1
工程技術,1
工程流程,1
工程流程進度,1
已改善用水,1
已知,1
才安全,1
才思敏捷,2
才能公平,1
才高八斗,2
才略過人,2
才華橫溢,2
不亢不卑,1
不可或缺,2
不可缺,2
不可缺少,2
不同凡響,3
不在話下,3
不含糊,2
不良改善,2
不言而喻,1
不足掛齒,1
不卑不亢,2
不咎既往,2
不定時會,1
不屈不撓,1
不武斷,1
不知疲倦,2
不洩氣,2
不畏艱險,2
不苟言笑,1
不限,1
不恥下問,2
不偏不倚,1
不動搖,2
不惜,1
不無小補,1
不費力,1
不費吹灰之力,1
不會弄錯,1
不會腐敗,1
不厭其煩,2
不懈怠,2
不錯,2
不驕不躁,1
不變,1
中用,1
中肯,1
中看,1
中意,1
中聽,1
丰姿綽約,1
五星級,1
五彩紛呈,3
井然有序,3
仁美,1
仁愛,1
仁慈,1
仁義,1
仁福,1
仁德,1
允許,2
內向,1
內向型,1
內斂,1
公平,1
公平正直,1
公平正義,1
公平原則,1
公平情況,1
公正,1
公正客觀,1
公共福利,1
公有利益,1
公有資源,1
公車便利性,2
公車英才,1
公益性質,1
公益,1
公益愛心,2
公益團體,1
公理正義,1
公無私,2
公然,1
公開,1
公園安全,1
公園整體形象,1
公道,1
切題,1
勻稱,1
及時性,1
及時表達,1
及格,1
友好,1
友善,1
友善人行道,1
友善公園,1
友善市民,1
友善地,1
友善行人,1
友善行為,1
友善協助,1
友善城市,2
友善度,1
友善動物,1
友善措施,1
友善設計,1
友善程度,1
友善管理,1
友善環境,1
友善點,1
友愛,1
反應,1
天下為公,3
天才,1
天衣無縫,3
天真,1
天真無邪,2
天真爛漫,2
天堂,1
天造地設,1
天搖地動,2
天翻地覆,2
太平,1
少不了,1
少不得,1
巴結,2
引人注目,2
引人注意,2
引人深思,2
引人矚目,2
引頸企待,1
心口如一,2
心切關注,2
心甘情願,2
心地善良,2
心直口快,1
心花怒放,2
心疼,1
心胸開闊,1
心細,1
心軟,1
心腸軟,1
心滿意足,2
心蕩神馳,1
心曠神怡,2
手工甜點,1
手工創意特色,1
手不釋卷,1
手巧,1
手快,1
手軟,1
手勤,1
手舞足蹈,1
手鬆,1
扎扎實實,1
支持,1
文昌,1
文明,1
文武兼備,3
文武雙全,3
文雅,1
文質彬彬,3
文縐縐,1
文靜,1
方方正正,2
方便,1
方便市民,2
方便民眾,2
日有所思,1
日後改建,1
日後改善,1
日後定期,1
日後發展,1
水汪汪,1
水管重新,1
世界奇觀,1
世界級,1
主持,1
主持公道,2
主持正義,2
主要,1
主動,1
主動了解,2
主動申請,1
主動協助,2
主動處理,2
主動聯合,1
主動關心,2
主動關懷,2
主動勸導,1
主導,1
仔細,1
仔細查看,1
仔細檢查,1
仔細檢修,1
令人大開眼界,1
令人高興,1
令人欽佩,1
令人羨慕,1
令人鼓舞,1
令人滿意,1
令人矚目,1
以一當十,1
以德報怨,3
充分空間,1
充分時間,1
充足水分,1
充足財力,1
充足情形,1
充裕時間,1
充實硬體,1
出手大方,1
出手不凡,1
出手闊氣,1
出色,3
出身名門,1
出身高貴,1
出神入化,2
出眾,3
出類拔萃,3
功不可沒,3
功德無量,2
半公開,1
半透明,1
古色古香,2
古香,1
古香古色,2
古道熱腸,2
古蹟,1
叫好,1
叫絕,1
可口,1
可以大修,1
可以分解,1
可以方便,1
可以申請,1
可以休息,1
可以改善,1
可以協助,1
可以要求,1
可以重新,1
可以修正,1
可以參考,1
可以理解,1
可以處理,1
可以規劃,1
可以設置,1
可以答應,1
可以買賣,1
可信任,2
可信賴,2
可能,1
可圈可點,3
可統一,1
可貴,1
可愛,1
可愛城市,1
可愛動物,1
可嘉,1
可歌可泣,1
可靠,1
可觀,1
叱吒風雲,3
史無前例,1
史詩般,1
四方路口,1
四平八穩,3
外向,1
巧妙,1
巧味,1
巧奪天工,3
市民安全,1
市民美觀,1
市民健康,1
市民榮譽感,1
市民福祉,1
市長綠色,1
市長德政,1
市政重劃,1
市政效率,2
市政特區,1
平心靜氣,1
平平安安,1
平安,1
平安如意,1
平安安全,1
平安成長,1
平安社區,1
平安段,1
平安健康,1
平安喜樂,1
平安無事,3
平安路,1
平安橋,1
平坦,1
平易,1
平易近人,1
平等,1
平滑,1
平緩,1
平整,1
平整地方,1
平整安全,1
平整改善,1
平整跑道,1
平整路,1
平整路段,1
平整路面,1
平整道路,1
平整管線,1
平衡,1
平靜,1
平穩,1
平穩坡道,2
平穩度,2
必要,1
必備,1
必需,1
打掃,1
正大光明,1
正中下懷,1
正向能量,2
正好,1
正宗,1
正直,1
正派,1
正面,1
正常,1
正常作息,2
正常作業,2
正常車流,2
正常車道,2
正常供水,2
正常狀態,2
正常時間,2
正常情形,2
正常排水,2
正常現象,2
正常規格,2
正統,1
正當,1
正當性,2
正經,1
正經八百,1
正義,1
正確,1
正確方向,1
正確方位,1
正確日期,1
正確名稱,1
正確回答,1
正確消息,1
正確訊息,1
正確做法,1
正確答案,1
正確資料,1
正確資訊,1
正確道路,1
正確電話,1
民主,1
民生權益,1
民有好感,2
民俗公園,1
民眾便利性,1
民眾健康,1
民眾愛心,2
民眾權利,1
民眾權益,1
永久,1
永久式,1
永久性隔音牆,2
永久路燈,2
玉潔冰清,3
甘之如飴,3
甘心,2
甘美,1
甘甜,1
甘醇,1
甘願,2
生存,1
生死不渝,2
生死攸關,2
生命安全,1
生命健康,2
生長完全,1
生長過盛,1
生活心情,1
生活安全,1
生活空間,1
生活便利,2
生活便利性,1
生活美學,1
生氣勃勃,2
生動,1
生動活潑,1
生猛,1
生意盎然,2
生態流水,1
生機盎然,3
生龍活虎,3
用心,1
用心市政,1
用心良苦,3
用戶權益,1
用功,1
用得著,1
甲級,1
甲等,1
申請增設路燈,1
申請賠償金,1
石破天驚,3
示好,3
立委服務處,1
立委時期政績,1
交通便利,2
交通便利性,2
交通便道,1
交通流暢性,1
仰慕,2
任性,1
任勞任怨,3
任意,1
休息時,1
休息時間,1
休閒用地,1
休閒地點,1
休閒空地,1
休閒座椅,1
先公後私,1
先進,1
先進城市,1
先進國家,1
光芒萬丈,2
光明,1
光明正大,2
光明磊落,2
光亮,1
光風霽月,2
光彩,1
光彩奪目,2
光滑,1
光榮,1
光輝,1
光輝燦爛,1
光鮮亮麗,1
光耀,1
全心全意,3
全民督工,1
全民資產,1
全民權益,1
全面重新,1
全面栽植,1
全面維修,2
全面檢查,1
全神貫注,3
全能,1
全國模範,1
全國績效,1
全球幸福指數,1
全球榮耀,2
全勤獎金,2
全新,1
全新燈罩,1
冰肌玉骨,1
冰清玉潔,1
冰雪聰明,2
吃香,1
吃得開,2
吃醋,1
各得其所,2
合口味,1
合乎邏輯,1
合作,1
合宜,1
合宜住宅,2
合拍,1
合法,1
合法行為,2
合法希望,2
合法建物,2
合法建築,2
合法建築物,2
合法建議,1
合法看板,1
合胃口,1
合格,1
合情合理,1
合理,1
合群,1
合適,1
吉利,1
吉星高照,2
吉祥,1
吉祥如意,2
吉祥段,1
同情,1
同等重要,2
同意,2
名不虛傳,3
名正言順,2
名店,1
名垂千古,3
名垂青史,3
名副其實,3
名貴,1
名實相符,1
名燈,1
名聲大振,1
名譽,1
回味無窮,1
回復進度,1
回敬,1
回禮,1
因地制宜,2
因材施教,3
因時制宜,3
在乎,1
在情理之中,1
在意,1
地動山搖,1
地覆天翻,1
多才多藝,3
多元文化,1
多多誇獎,1
多多幫忙,1
多多關心,1
多多關注,1
多多關懷,1
多服務,1
多花,1
多采多姿,3
多重效益,2
多情,1
多處植物,1
多愁善感,2
多點,1
多關心,2
好,1
好上加好,3
好山,1
好天氣,2
好心,1
好心腸,2
好用,1
好用文字,1
好目,1
好印象,2
好吃,1
好地,1
好地方,1
好好了解,1
好好休息,1
好好地,1
好好行,1
好好改善,1
好好欣賞,1
好好的大樹,1
好好的工作,1
好好的公園,1
好好的古蹟,1
好好的平路,1
好好的休息,1
好好的改善,1
好好的步道,1
好好的照顧,1
好好的路,1
好好的道路,1
好好的樹,1
好好活動,1
好好重視,1
好安全,2
好成績,2
好使,1
好受,1
好奇,1
好玩,1
好空氣,2
好客,1
好建設,2
好建議,2
好看,1
好笑,1
好路,1
好路燈,1
好運餐廳,1
好過,1
好端端,1
好說話,1
好環境,1
好聲好氣,3
好聽,1
好觀感,1
如花似玉,3
如花似錦,3
如虎添翼,3
如魚得水,3
如期,1
如意,1
如意身體,1
如雷貫耳,3
如數家珍,2
如癡如狂,1
如癡如醉,1
如願以償,3
妄想,1
守法,1
守候,1
守時,1
守時間,1
守歲,1
安分,2
安全,1
安全便利,2
安全品質,2
安全城市,2
安全權利,2
安全權益,2
安安靜靜,2
安安穩穩,2
安定,2
安定民心,1
安排重新,1
安然無事,2
安然無恙,2
安逸,2
安詳,2
安頓,1
安寧,2
安寧安全,2
安寧品質,2
安樂,2
安靜,2
安靜休息,1
安靜睡眠,1
安靜環境,1
安穩,2
安穩地,2
年高德劭,3
年終獎金,2
年貨大街,1
年富力強,2
年輕男性,1
年輕朋友,1
年輕時,1
年輕族群,1
年輕媽媽,1
年輕學子,1
年輕騎士,1
年輕警察,1
成功方向,1
成果發表會,1
成果網,1
成熟,2
扣人心弦,3
收益來源,1
早晨,1
早期規劃,1
早期設計,1
早期發展,1
曲線美,2
有一手,1
有一套,1
有口無心,1
有才幹,1
有文化,1
有文章,1
有出息,1
有用,1
有目共睹,2
有同情心,1
有名,1
有名氣,1
有地位,1
有血有肉,1
有血氣,1
有伸縮性,1
有利,1
有利環境,1
有求必應,2
有良心,1
有兩下子,1
有始有終,2
有所作為,2
有板有眼,3
有保留地,3
有勇氣,1
有品味,1
有威信,1
有為,1
有眉目,1
有紀律,1
有個性,1
有效,1
有效分配,2
有效方式,2
有效方法,2
有效方案,2
有效地,2
有效改善,2
有效降溫,2
有效效益,2
有效將,2
有效排水,2
有效處理,2
有效辦法,2
有根有據,1
有益,1
有能力,2
有財產,1
有貢獻,1
有教養,1
有望,1
有條有理,3
有條理,1
有涵養,1
有理,1
有理由,1
有理有據,1
有眼力,1
有眼光,1
有智慧,1
有朝氣,1
有滋有味,1
有滋味,1
有意思,1
有意義,1
有稜角,1
有節制,1
有福,1
有福氣,1
有種,1
有鼻子有眼,2
有價值,1
有嘴無心,1
有趣,1
有學問,1
有機市集,1
有機農場,1
有錢,1
有錢潮,1
有頭有尾,1
有頭有臉,1
有戲,1
有聲有色,1
有膽量,1
有禮,1
有禮貌,1
百無一失,3
百歲生日,3
百煉成鋼,3
百廢俱興,2
百聽不厭,3
百讀不厭,3
老人小孩,1
老人長輩,1
老人福利,1
老老實實,2
老咖啡,1
老朋友,1
老馬識途,2
老當益壯,2
老農津貼,1
老實,1
老實地,2
老樟樹,1
老練,1
老鄰居,1
老樹,1
老樹木,1
老謀深算,3
耳熟,1
耳熟能詳,3
耳聰目明,1
自由,1
自由主義,1
自由自在,2
自由行客,1
自由空間,2
自由進出,2
自在,1
自在人行道,1
自在土地,1
自在公園,1
自在地,1
自在安全,2
自在自由,2
自在車子,1
自在綠地,1
自行車城市,2
自告奮勇,1
自卑,1
自動灑水,1
自動變換,1
自得其樂,1
自尊,1
自然,1
自滿,1
自願,1
至高無上,1
至關重大,1
至關重要,1
至關緊要,1
行之有效,3
行動市府,1
行動政府,1
行動團隊,1
行得通,1
行雲流水,3
西裝筆挺,1
伶俐,1
伸張正義,1
伸縮,1
似曾相識,3
佛心,1
佛院,1
作業效率,1
免費,1
免費公車,1
免費汽車,1
免費停車場,2
免費電影,1
免費親子,1
兵強馬壯,1
判斷正確,1
別有用心,2
別有風味,2
別有情趣,2
別具一格,3
別墅社區,1
利害攸關,1
含情脈脈,2
含義明確,1
含蓄,1
均一,1
均勻,1
均等,1
均衡,1
坑洞補丁,2
壯烈,1
壯麗,1
壯觀,1
夾道歡迎,2
妙津,1
妙趣橫生,1
妙齡女子,1
妥善,1
妥善方案,1
妥善利用率,2
妥善防範,1
妥善措施,2
妥善處理,2
妥善規劃,1
妥善管理,1
妥當,1
妥當處理,1
孜孜不倦,3
孝順,2
孝順父母,2
孝敬,2
完全,1
完好,1
完好如初,1
完好保留,1
完好美觀,1
完成路樹,1
完美,1
完美無缺,3
完美無疵,3
完美無瑕,3
完善,1
完善地面,1
完善防護,1
完善所,1
完善處理,1
完善設施,1
完善導致,1
完整,1
完整協助,2
完整度,1
完整規劃,1
完整結果,1
完整課程,1
局部重新,1
希能將,1
希望,1
希望市民,1
希望市府,1
希望市府路燈,1
希望市府團隊,1
希望定期,1
希望政府,1
希望重新,1
希望能將,1
希望曙光,2
希望顏色,1
形象化,1
志工,1
志在千里,1
志願,1
忘我,1
快人快語,1
快刀斬亂麻,3
快捷,1
快樂,3
快樂成長,1
快樂建築,1
快樂時光,1
快樂健康,1
快樂程度,1
批准,1
技高一籌,3
抑揚頓挫,2
投入,1
投緣,1
投機,1
改建,1
改善,1
改善工程品質,1
改善工業區,1
改善公車站路線,1
改善公園環境,1
改善方法,1
改善方案,1
改善水溝,1
改善台中市人行道,1
改善台中市民,1
改善台中市道路,1
改善台中烏日,1
改善市府總機,1
改善市長,1
改善市容,1
改善市容景觀,1
改善民眾,1
改善民權,1
改善用水,1
改善目前,1
改善目前道路,1
改善光線,1
改善地下道,1
改善地磚,1
改善地點,1
改善行道樹,1
改善住戶,1
改善汽機車,1
改善車流,1
改善車道,1
改善車輛,1
改善事宜,1
改善事項,1
改善周邊,1
改善味道問題,1
改善坡度,1
改善垃圾堆,2
改善狀況,2
改善空地環境,2
改善空氣品質,2
改善空間,1
改善品質,1
改善效果,1
改善案,1
改善站牌,1
改善高度,1
改善問題,1
改善情形,1
改善情況,1
改善措施,1
改善現場,1
改善現象,1
改善異味,1
改善部分,1
改善都市景觀,1
改善期日,1
改善期限,1
改善期程,1
改善期路,1
改善進度,1
改善意見,1
改善跡象,2
改善路段,1
改善路面,1
改善路面品質,1
改善路面高低,1
改善路面問題,1
改善遊覽車,1
改善道路,1
改善道路狀況,1
改善道路品質,1
改善道路問題,1
改善對策,1
改善態度問題,1
改善線路,1
改善噪音問題,1
改善學生,1
改善樹木,1
改善樹穴,1
改善樹根,1
改善積水問題,1
改善積水現象,1
改善辦法,1
改善蟲害問題,1
改變政策,1
改變造型,1
更多文化,2
更多方便,2
更多安全,2
更多改善,2
更多空間,2
更多時間,2
更多停車場,2
更多商業,2
更多現代,2
更多期待,2
更多道路,2
更多機車,2
更多親子,2
更多選擇,2
更多選擇性,2
更多錢,2
更好生活,2
更好行走,2
更好品質,2
更優越,1
求之不得,1
決定,1
決定性,1
沉寂,1
沉魚落雁,1
沉著,2
沉靜,1
沉穩,2
沒分開,1
沒有拖累,1
沒有阻礙,1
沒有負擔,1
沒弄髒,1
沒說的,1
牢固,1
牢靠,1
狂喜,3
狂熱,1
秀外慧中,3
秀色可餐,3
秀氣,1
系統,1
系統正確性,1
良好,2
良好公園,1
良好市容,2
良好印象,1
良好行走,1
良好空氣,1
良好情況,1
良好規劃,1
良好溝通,2
良好道路,1
良好環境,1
良性,2
良性競爭,1
良知良能,1
良將馬路,1
良善,2
良善美意,2
良策德政,2
見多識廣,3
見微知著,3
見義勇為,3
言之有理,2
言必有中,3
言語流利,2
言簡意賅,3
豆腐心,1
赤裸,1
赤裸裸,1
足智多謀,3
身心健康,3
身心靈,1
身手不凡,1
身強力壯,1
身強體壯,1
身體健康,2
身體結實,3
車水馬龍,1
車輛權益,1
辛苦第一線人員,1
辛苦錢,1
辛勤,1
辛勤果實,2
迅行,1
迅速改善,3
迅速將,2
迅速處理,3
防護鐵片,1
防護鐵網,1
乖巧,1
事實上,1
事實真相,1
事實理由,1
事實勝於雄辯,3
事關重大,3
佩服,2
佳,1
佳味,1
佳音,1
佳路面,1
佳態度,1
使人愉快,2
使用方便,1
來者不拒,1
來源合法性,1
供給市民,1
供給市府,1
供給市長,1
供給幼年,1
供給民眾,1
供給住戶,1
供給車輛,1
依依不捨,1
依然,1
依舊,1
兒童安全,1
兒童遊樂場,1
兒童遊樂園,1
兒童器材,1
兒童鞦韆,1
兒童藝術館,1
兩袖清風,3
其樂無窮,1
具有吸引力,2
具有歷史意義,2
具有壓倒性優勢,1
具體內容,1
具體方法,1
具體方案,1
具體交通,1
具體作法,1
具體作為,1
具體形容,1
具體改善,2
具體事項,1
具體建議,2
具體書面,1
具體做法,1
具體動作,1
具體問題,1
具體措施,1
具體處理,1
具體資料,1
具體說明,1
具體辦法,1
典型,1
典雅,1
刺眼,1
刻苦,1
刻意,1
卓越,1
卓越人事,2
卓越建設,2
協助目前,1
協助重新,1
協助弱勢,2
協調一致,3
受過良好訓練,1
味道好,1
味道鮮,1
呼之欲出,3
和睦,1
和解金,1
和緩,1
和諧,1
和諧景象,1
和諧關係,2
和聲,1
和顏悅色,3
和藹,1
和藹可親,2
固定,1
固定人口,1
固定不變,1
固若金湯,1
坦白,1
坦率,1
坦率直言,1
坦誠相見,1
坦蕩,1
坦蕩蕩,1
夜不閉戶,2
夜有所夢,1
奇妙,1
奉公守法,2
奔放,2
始終不懈,2
始終如一,2
委婉,1
定期性,1
定期通盤,1
宛轉,1
居安全,1
居家安全,1
居家品質,1
居高臨下,3
幸運,1
幸運歌曲,1
幸福,1
幸福公園,1
幸福車,1
幸福兒童,1
幸福兒童公園,1
幸福城市,1
往心裡去,2
忠心耿耿,3
忠犬,1
忠忱,1
忠厚,1
忠段,1
忠貞,1
忠貞不屈,3
忠貞不渝,3
忠貞不貳,3
忠國,1
忠誠,1
忠誠支持者,1
忠誠活動,1
忠實,1
忠實支持者,1
忠鐵粉,1
怡然自得,1
性命攸關,3
性美觀,1
性格外向,2
性情溫良,3
承情,1
承蒙,1
抬舉,2
拍手叫好,3
拍案叫絕,3
拍實況,1
拘謹,1
放之四海而皆准,3
放在心上,2
旺盛,1
旺盛枝葉,1
明人不做暗事,2
明白,1
明白了當,1
明快,1
明門,2
明亮,1
明亮安全,1
明亮美觀,1
明亮時,1
明亮照明,1
明郎,2
明朗,1
明理,1
明智,1
明路,1
明確,1
明確公告,1
明確地址,1
明確行動,1
明確表達,1
明確指示牌,1
明確指揮,1
明確處理,1
明確規定,1
明確期限,1
明確路段,1
明確說明,2
明瞭,1
明顯,1
明顯改善,2
易,1
易如反掌,3
服服貼貼,3
服務熱忱,2
果決,1
果斷,1
枝葉茂密,2
欣欣向榮,1
欣喜若狂,1
欣然,1
欣慰,1
欣賞,3
欣賞台,1
欣賞風景,1
欣賞環境,1
沾沾自喜,2
注重,1
注意,1
炙手可熱,3
直直平平,1
直直地,1
直直道路,1
直接高薪,3
直爽,1
直率,1
直腸子,1
直截了當,3
知名,1
知名人士,1
知名工程隊,1
知名工廠,1
知名公園,1
知名生物,1
知名車輛,1
知名夜市,1
知名社群,1
知名建設,1
知名建築物,1
知足,1
知書達理,1
社會住宅,1
秉公,3
秉持公正,3
空前絕後,3
空曠公園,1
空曠地,1
空曠空地,1
空曠處,1
空靈,1
芬芳,1
花季時,1
花季時花香,1
花季氣味,1
花季景觀行道樹,1
花香鳥語,2
花容玉貌,2
花海季,1
花海景象資訊,1
花海景緻,1
花海期,1
花草盆栽,1
花草美觀,1
花草綠,1
花崗石材,1
花團錦簇,3
花樹園藝,1
花燈作品,1
花繁葉茂,3
芳姿,1
芳香,1
芳香植物,1
虎虎生風,3
表現機會,1
表揚,3
表敬意,1
表裡一致,2
表裡如一,2
表演內容,1
表演民眾,1
迎刃而解,3
迎來,1
迎接,1
金玉滿堂,3
金玉銀樓,1
金石鑰匙,1
金壁輝煌,3
長久性,2
長久時日,1
長年水流,1
長希望,1
長青大學,1
長青公園,1
長青先生,1
長城健康步道,1
長春公園,1
長春公園綠蔭,1
長期太陽,1
長期支持,2
長期性,1
非同小可,3
非常有效率,3
非常利害,2
非常希望,1
非常快速,2
非常辛苦,2
非常耐久,3
非常期待,3
非常棒,2
非常寬,2
非常熱心,3
非常熱門,2
亭亭玉立,3
亮晶晶,1
亮路,1
亮路段,1
亮路燈,1
亮燈,1
亮燈泡,1
亮點,2
亮麗,1
便民,3
便利,3
便利商店,1
便利超商,2
便利農舍,1
便宜,2
便捷,3
便捷性,2
便捷機車,1
俊秀,1
俊俏,1
俊美,1
俏皮,1
俏麗,1
保存良好,3
保障市民,1
保障未來,1
保障民眾,1
保障行人,1
保障住戶,1
保障居民,1
俠義,1
信得過,1
前所未有,1
前所未見,1
前無古人,1
前程似錦,1
前衛,1
勇猛,1
勇敢,1
勇街,2
勇資源,1
厚玻璃,1
厚道,1
品質才,1
品質道路,1
品質標準,1
品學兼優,3
垂涎三尺,1
垂涎欲滴,1
城市文化,1
城市文化館,1
城市印象,1
城市名牌,1
城市居民,1
城市門面,1
城市美感,1
城市美學,2
城市面貌,1
威武,1
威風,1
威風凜凜,3
威嚴,1
孩童安全,1
客氣,1
客觀,1
客觀上,1
客觀事實,1
屏氣凝神,3
帥,1
幽美,1
幽閒,1
幽雅,1
幽靜環境,2
幽默,1
幽默滑稽,1
度量大,3
建設性,1
建築安全,1
建築物安全,1
建議事項,1
建議重新,1
建議將,1
很多希望,2
很多花草,1
很多長者,1
很多長輩,1
很多細節,1
很多處理,1
很多資源,2
很多觀光客,1
很有意義,1
很快表演,1
很漂亮,2
後生可畏,3
後生晚輩,1
後續進度,1
後續陽光,1
後顧之憂,1
思念,1
思路清晰,3
思慕,1
急公好義,2
恨不得,1
恰到好處,1
恰當,1
拜拜,1
拾金不昧,3
持平,1
指望,1
指標燈,1
指導方針,1
按時,2
挑三揀四,1
挑戰性,1
政和照顧,1
政府形象,1
政府威信,1
政府政策,1
政府美意,1
政府效能,2
政府經費,1
政府資源,1
政躬安泰身體,1
政策目標,1
政績輝煌,2
故希望,1
故建議,1
既定,1
既定預算,1
既往不咎,1
星巴客,1
春天季節,1
春天時,1
春天時會,1
春光明媚,2
春風滿面,2
柏油重新,1
柏油部分重新,1
柏油路重新,1
柏油路面重新,1
柔中有剛,1
柔和,1
柔美,1
柔順,1
柔滑,1
泉美,1
洋洋自得,2
洋洋得意,2
洶湧,1
洶湧澎湃,2
活力城鎮,2
活水系統,2
活生生,1
活動,1
活動中心,1
活動用地,1
活動目,1
活動資訊,1
活絡,1
活絡公園,1
活絡地方,1
活絡周邊,1
活絡商圈,1
活潑,1
活躍,1
活靈活現,1
流行,1
流利,1
流暢,1
流暢性安全性,1
流暢度,1
炯炯有神,2
為人正直,2
為人寬厚,2
珍奇,1
珍重,2
珍惜,2
珍貴,1
珍貴樹種,2
珍愛,2
皆大歡喜,3
相安無事,3
相當重要,1
盼望,1
盼望新市長,1
省力,1
省小錢,1
省水,1
省水設備,1
省成本,1
省事,1
省時,1
省電,1
省電型,1
省電費,1
省電燈炮,1
眉飛色舞,1
眉清目秀,2
看上,1
看上眼,1
看中,1
看得上,1
看得上眼,1
看得起,2
祈盼,1
科學,1
科學工業園區,1
科學走廊,1
突出,1
突破性,1
紅包情事,1
紅色果實,1
紅得發紫,2
美,1
美人,1
美土,1
美小姐,1
美不勝收,2
美月,1
美好市容,1
美好未來,1
美好光明,1
美好印象,1
美好所在,1
美好環境,1
美百貨,1
美妙,1
美味,1
美味可口,1
美術燈,1
美感特色,1
美貌,1
美輪美奐,1
美樹,1
美燈,1
美燈塔,1
美雕塑,1
美麗,1
美麗公園,1
美麗花朵,1
美麗花叢,1
美麗城市,1
美麗風景,1
美麗草原,1
美麗景觀,1
美麗湖心亭,1
美麗溼地,1
美麗綠地,1
美麗燈光,1
美觀,1
美觀立場,1
美觀安全,1
美觀垃圾筒,1
美觀效果,1
美觀環境,1
耐人尋味,2
耐久,1
耐用,1
耐穿,1
致賀,2
致敬,2
致謝,2
苦口婆心,2
苦心,1
英明,1
英明市長,1
英明領導,1
英亭,1
英俊,1
英勇,1
茁壯,2
茁壯不易,1
茂枝葉,1
茂段,1
茂密,1
茂盛,1
茂盛大樹,1
茂盛希望,1
茂盛枝葉,1
茂盛時,1
茂盛草,1
茂盛區,1
茂盛情形,1
茂盛情況,1
茂盛樹枝,1
茂盛樹根,1
茂盛樹葉,1
要求定期,1
負責,1
迫切需要,1
重大,1
重大工程,1
重大建設,3
重大特色,3
重生,1
重建水溝,1
重建住戶房屋,1
重建路橋,1
重要,1
重要工作,2
重要工程,2
重要日子,2
重要目標,2
重要交通,1
重要因素,1
重要地,1
重要角色,1
重要車輛,1
重要來源,1
重要門戶,1
重要門面,1
重要指標,1
重要政績,1
重要省道,1
重要科目,1
重要重點,1
重要原因,1
重要通道,1
重要部分,1
重要景,1
重要項目,1
重要幹道,1
重要幹線,1
重要會議,1
重要路口,1
重要路段,1
重要路線,1
重要道路,1
重要需要,1
重要橋梁,1
重要橋樑,1
重視,1
重視人行環境,2
重視小市民,2
重視公園,2
重視外籍,2
重視市民,2
重視民眾,2
重視行人,2
重視住戶,2
重視孩童,2
重視球友,2
重視被,2
重視程度,1
重視機車族,2
重視燈座螺絲,2
重新雕塑,1
重漆,1
重點,1
重點市民,1
重點時間,1
重點區域路段,1
重點景觀,1
重點路段,1
重點道路,1
重點觀光區,1
面成效,1
面有喜色,3
面熟,1
革命,1
革命性,1
音樂人才,1
音樂涵養,1
音樂規範,1
音樂愛好者,1
音調優美,1
風平浪靜,1
風光,1
風雨無阻,2
風姿綽約,2
風度翩翩,3
風流,1
風流倜儻,2
風風光光,2
風起雲湧,3
風景如畫,2
風趣,1
風靡,1
飛快,1
首屈一指,3
首要,1
香純,1
香甜,1
香甜可口,1
香噴噴,1
香廚房,1
香醇,1
乘客安全,1
乘客權益,1
修正方案,1
修正角度,1
修正法規,1
修枝,1
修法,1
修馬路,1
修電話線,1
修樹,1
個人安全,1
個人利益,1
個性鮮明,2
值得紀念,1
值得崇拜,1
值得羨慕,1
值錢,1
兼顧,1
准許,2
剔透,1
剛正不阿,3
剛好,1
剛強,1
匪夷所思,1
原封不動,3
唇紅齒白,1
家庭溫飽,1
家喻戶曉,1
容易,1
容許,2
恩愛,1
恭喜,3
恭賀,3
恭敬,3
悅耳,1
拿手,1
振奮人心,3
效益才能,1
效益情況,1
料事如神,3
時髦,1
栩栩如生,3
核心,1
根本,1
根深蒂固,2
殷殷期盼,2
氣度恢宏,2
氣派,1
氣象萬千,1
氣魄,1
泰然自若,1
浩蕩,1
浪漫大樓,1
浪漫紅色,1
浪漫情人,1
海枯石爛,2
消費者權益,2
消遣,1
消魂,1
特色美食,1
特色商品,1
特色樹種,1
特色餐,1
特別快速,1
特別服裝,1
特別規劃,1
特別款,1
特別意義,1
特別照顧,1
特別節日,1
特定,1
特殊,1
特級,1
特許,3
特等,1
特優廁所,2
珠圓玉潤,3
疼惜,1
疼愛,1
真心,1
真心真意,3
真心誠意,2
真心實意,2
真正,1
真正功效,1
真正需求,1
真希望,1
真材,2
真是專業人士,2
真真實實,3
真誠,1
真實,1
真實可信,2
真摯,1
眩目,1
破釜沉舟,3
祝賀,2
祝福,1
神工鬼斧,1
神采奕奕,1
神采飛揚,1
神采煥發,1
神勇,1
神氣,1
神通廣大,3
神聖,1
神聖不可侵犯,1
神魂顛倒,1
秩序井然,3
窈窕,1
站得住,1
站得住腳,1
站得高，看得遠,2
笑臉圖案,1
純正,1
純住宅區,1
純良百姓,1
純真,1
純淨,1
純種,1
純粹,1
純潔,1
純樸,2
耿直,1
胸懷坦蕩,3
能耐官員,2
能幹,1
脈脈含情,2
草坪美觀,1
虔誠,1
衷心,1
訓練,1
訓練有素,1
訓練良好,1
財大氣粗,2
起眼,1
迷人,1
迷上,1
迷戀,1
配得上,1
閃亮,1
高人一等,2
高大,1
高山流水,2
高尚,1
高性能,1
高昂,1
高明,1
高姿態,1
高度效果,1
高流量,2
高科技混凝土,1
高美,1
高效益,1
高效能,1
高效率,1
高級,1
高級化,1
高級住宅區,1
高級車,1
高級長官,1
高級轎車,1
高強度,1
高深莫測,1
高等,1
高貴,1
高雅,1
高雅簡樸,3
高精度,1
高價,1
高價位,1
高價樹種,1
高層,1
高標準,1
高質量,1
高興,2
高檔,1
高瞻遠矚,3
鬼斧神工,3
乾脆,1
乾淨,1
乾淨水源,1
乾淨市容,2
乾淨安全,2
乾淨利落,2
偉大,1
偉大城市,1
偉大發明,1
偏好,1
偏愛,2
做得好,1
健全,1
健壯,1
健步,1
健美,1
健康,1
健康用品,1
健康身心,1
健康活力,1
健康美,1
健康國宅,1
健康情況,1
健康喜樂,1
健康新春,1
健康優質,2
健康講座,1
動人,2
動人心弦,2
動態平衡,1
動聽,1
唯命是從,1
唯唯諾諾,1
商家住戶權益,1
問心無愧,1
問題專線,1
問題焦點所在,1
國家資源,1
國泰民安,3
國際大都會,1
國際水準,1
國際企業,1
國際壯舉,1
國際形象,1
執著,1
基本,1
基本優勢,1
基本禮儀,1
基本權益,1
基座安全性,1
基礎,1
基礎性,1
基礎紮實,1
堂堂正正,1
堅如磐石,2
堅忍不拔,1
堅決,1
堅固,1
堅固不易,1
堅固耐用,2
堅固隔板,1
堅定,1
堅定不移,2
堅持不懈,1
堅貞,1
堅貞不渝,1
堅挺,1
堅強,1
堅硬泥土,1
堅韌,1
堅韌不拔,1
堅實支持者,1
夠水平,1
夠格,1
夠意思,1
奢侈,1
奢望,1
奢華,1
婀娜多姿,3
婉約,1
婉轉,1
密切,1
專一,1
專人定期,1
專人重新,1
專心,1
專心致志,1
專心處理,1
專心準備,1
專心讀書,1
專用,1
專任,1
專供,1
專注,1
專家重新,1
專家學者,1
專案,1
專案人員,1
專案政績成效,1
專款,2
專業人士,1
專業人員,1
專業工法,1
專業技師,1
專業技能,1
專業角度,1
專業知識,1
專業看法,1
專業素養,1
專業能力,1
專業部門,1
專業程度,1
專業園藝人員,1
專業園藝廠商,1
專業領域,1
專業廠商,1
專摯,1
崇尚,1
崇拜,2
崇高,2
康樂,1
強,1
強大,1
強壯,1
強壯有力,1
強制改善,2
強悍,1
強烈希望,1
強烈要求,1
強健,1
強硬,1
強勢,1
彪悍,2
彬彬有禮,3
得天獨厚,2
得心應手,2
得宜,3
得意,2
得福街,1
得體,2
從一而終,2
從始至終,1
從寬以對,2
從頭至尾,1
從頭到尾,1
從頭到底,1
情有獨鍾,1
情願,2
惟命是從,1
捧場,1
掏心,1
排列有序,1
排列整齊,1
排場,1
採納,1
探囊取物,2
接受,1
推崇,3
敏捷,1
敏誠,1
敏銳,1
旋律優美,1
旋轉木馬,1
曼妙,1
毫不利己,2
毫不畏懼,3
毫不動搖,2
毫不猶豫,2
毫不費力,2
毫無保留地,1
毫無問題,1
毫無疑義,1
毫無錯誤,1
毫髮不差,3
毫髮無損,2
毫釐不差,2
涵蓄,1
涼亭權益,1
淋漓盡致,3
淡泊名利,3
深入了解,1
深入人心,1
深沉,1
深刻,1
深長,1
深奧,1
深遠,1
深邃,1
清白,1
清秀,1
清垃圾,1
清幽,1
清純,1
清脆,1
清淡,1
清淨,1
清淨空氣,1
清爽公園,1
清晰,1
清晰可辨,1
清晰明瞭,1
清廉,1
清新,1
清新空氣,2
清新淡雅,1
清新溫泉,1
清楚,1
清楚枝條,1
清楚燈,1
清徹,1
清澈,1
清澈見底,1
清潔,2
清潔改善,1
清潔衛生,1
清醒,1
清靜,1
爽,3
爽口,1
爽快,3
爽朗,1
牽掛,1
牽腸掛肚,1
率直,1
率真,1
現今經濟,1
現今資訊,1
現在重新,1
現場重新,1
現實,1
球場權益,1
理性,1
理所當然,1
理直氣壯,1
理智,1
理想,1
理想化,1
理想性格,2
理會,1
甜,1
甜柿,1
甜美,1
甜甜圈,1
甜滋滋,1
甜蜜,1
甜蜜柿,1
甜蜜蜜,1
甜點,1
畢恭畢敬,2
異國風情,1
盛大,1
眷念,1
眷戀,1
眼光遠大,2
眼光銳利,3
眼尖,1
眼明手快,1
眼花繚亂,2
眼紅,1
眼疾手快,2
眼熟,1
眾目睽睽,3
眾所周知,3
第一流,3
粗壯,1
粗放,1
粗獷,1
紮實,1
細心,1
細心注意,2
細心照顧,2
細密,1
細緻,1
細緻工程,2
細膩,1
統一,1
莊重,1
莊嚴,1
莫測高深,3
處理方式可行性,1
處理方法效果,1
處理得當,3
處理,1
規定標準,1
規劃,1
規範,1
設計,1
設備齊全,2
設置,1
許可,1
貨真價實,1
貪圖,1
貪戀,1
軟心腸,1
逍遙自在,3
透明,1
透亮,1
透亮安全,2
逗人,1
通用,1
通亮,1
通俗,1
通俗易懂,2
通情達理,1
通順,1
通過,2
通暢,1
通融,2
造型,1
造景,1
造景路燈,1
部分補丁,1
部份經驗,1
都市公園,1
都市形象,1
都市美學角度,1
野心勃勃,2
陶醉,2
頂天立地,1
頂尖,3
頂呱呱,3
頂級,3
鳥語花香,2
傑人,1
傑出,1
傑漢,1
創造性,1
創意文化,1
創意官僚,1
創意獨特性,1
勝利紀念碑,1
勞工安全,1
勞工安全衛生,1
勞苦功高,3
博大精深,2
博古通今,2
博愛座,1
博愛座位,1
博學多聞,3
善心人士,1
善交際,1
善良,1
善良市民,1
善良百姓,1
善良老百姓,1
善良愛心,1
善良農民,1
善意,1
喇叭景觀燈,1
喜上心頭,1
喜上眉梢,3
喜不自禁,3
喜出望外,1
喜好,1
喜形於色,3
喜洋洋,3
喜眉笑眼,1
喜悅,3
喜悅月子,1
喜氣洋洋,1
喜滋滋,3
喜愛,3
喜樂,2
喜歡,3
喝彩,3
喧鬧,1
單一,1
單刀直入,1
單純,2
堪稱一絕,1
場內經常會,1
富可敵國,2
富有,1
富有成效,1
富有彈性,1
富國,1
富貴,1
富裕,1
富資源,1
富麗,1
富麗堂皇,2
富饒,1
寓意深刻,3
寓意深長,3
尊重,2
尊崇,2
尊貴,1
尊敬,2
幾百倍,1
幾個補丁,1
愉快,2
愉悅,2
愜意,1
提倡,1
提高房價,1
提高租金,1
提醒公車,1
提醒簡訊,1
揚眉吐氣,2
揚揚自得,2
揚揚得意,2
揪心,2
散發香氣,1
敦厚,2
敦厚老實,2
斯文,1
普及希望,1
普天同慶,1
景觀科園藝,1
景觀造型,1
景觀造景,1
景觀道路,1
景觀綠地,1
景觀噴水池,1
景觀樹,1
景觀橋,1
景觀燈,1
晴朗時,1
晶瑩剔透,1
智勇雙全,1
智能型,1
智慧型,1
智慧型公車,1
智慧型手機,1
智慧型站牌,1
智慧城市,2
智慧城政策,1
智慧建築,1
智慧建築物,1
智慧站牌,1
替代路線,1
替代道路,1
最主要,1
最好,2
最佳,2
最佳功能,1
最佳市容,1
最佳位置,1
最佳狀況,1
最佳品質,1
最佳效果,1
最佳時間,1
最佳處理,1
最佳途徑,1
最佳路線,1
最佳舞台,1
最佳證據,1
最高,1
最高級,1
最理想,1
最著名,1
最新,1
朝思暮想,1
朝氣勃勃,1
朝氣蓬勃,1
期待,1
期待新市長,1
期待臺中市政府,1
期盼,1
期望,1
期望新市長,1
棒,3
植物草地,1
植物專家,1
植物造景,1
植物學家,1
欽佩,2
渴求,1
渴望,2
游刃有餘,3
渾身是膽,1
渾厚,1
渾然一體,1
湯師傅美味,1
滋潤,1
無人不曉,2
無中生有,1
無比幸福,3
無比福祉,1
無先例,1
無污染,1
無私,1
無所不可,3
無所不知,3
無所不能,3
無所畏懼,3
無所顧忌,3
無拘束,1
無拘無束,2
無毒,1
無害,1
無害交通,1
無害樹種,1
無恙,1
無奢望,1
無牽無掛,2
無辜,1
無微不至,3
無瑕疵,1
無罪,1
無誤,1
無價,1
無憂無慮,3
無懈可擊,3
無錯誤,1
無變化,1
犀利,1
琳琅滿目,3
痛快,1
痛痛快快,1
登峰造極,2
登記補償金,1
發人深思,3
發人深省,3
發育完全,2
發展方案,1
發展市政,1
發展目標,1
發展智慧工業,1
發展棒球場,1
發展經濟,1
發展潛力,1
短小精悍,1
硬朗,1
稀少性,1
稀罕,1
答應,1
答應民眾,1
答應選民,1
答謝,3
策安全,1
策略,1
策略性,1
結構安全,1
結構美觀,1
絕妙,1
絕佳,3
絢麗,1
絢麗多姿,1
絢麗奪目,1
絢爛,1
給面子,3
給臉,2
絲毫不差,3
肅靜,1
舒快,1
舒坦,1
舒服,2
舒爽,1
舒舒服服,1
舒暢,1
舒緩,1
舒緩交通,1
舒緩國道,1
舒適,1
舒適性,2
舒適道路,1
華麗,1
著名,1
著名小吃,1
著名地,1
著名夜市,1
著名商圈,1
著名景,1
著迷,1
著想,1
虛心,1
虛懷若谷,3
評價頗高,1
貴重,1
貴重物品,1
費心,1
貼切,2
貼心百姓,2
貼近市民,1
貼近民宅,1
超凡脫俗,2
進步,1
進步文明,2
開心,2
開心住宅,1
開心指數,1
開心農場,1
開放公園,1
開放月租,1
開放市區,1
開放民眾,1
開放式空間,1
開放式音響,1
開放式道路,1
開放性,1
開放空間,1
開放假日,1
開放廁所,1
開放街頭,1
開放園區,1
開放資料,1
開放路肩,1
開明,1
開門見山,1
開朗,1
開通,1
開誠佈公,3
開闊,1
開闢車道,1
開闢重劃區,1
陽光社區,1
陽光草皮,1
陽光草原,1
陽性,1
陽剛,1
隆重,1
隆重開幕,2
雄心勃勃,2
雄壯,1
雄偉,1
雅俗共賞,1
雅美,1
雅致,1
雅觀,1
集中,1
集中流向,1
順口,1
順心如意,2
順手,1
順耳,1
順位,1
順利地,1
順利行走,1
順利作業,1
順利案件,1
順利耕作,1
順利排水,1
順利通知,1
順利進出,1
順利開拓,1
順理成章,3
順眼,1
順勢,1
順暢,1
順暢交通,2
順暢呼吸,2
順暢性,1
順暢狀況,1
順暢直行,1
順暢度,1
順暢進出,1
順暢道路,1
黑白分明,2
傾心,1
傾向,1
傾國傾城,2
勤快,2
勤勉,2
勤美,1
勤益,1
勤勞,2
勤奮,2
嗓子好,1
圓潤,1
奧妙,1
廉價,1
微笑表情,1
想念,1
意味深長,2
愚公移山,3
愛上,1
愛不釋手,3
愛心公園,1
愛心肉乾,1
愛心家園,1
愛心筆,1
愛心媽媽,1
愛屋及烏,1
愛惜,2
愛慕,2
愛戴,1
愛護,2
愛戀,2
感人,1
感同身受,3
感恩,3
感想衷心,1
感激,3
感激不盡,3
感激台中市政府,2
感興趣,1
感應功能,1
感應式,1
感應式路燈,1
感應柵欄,1
感應燈,1
感謝,3
慈祥,2
慈善,2
慈善機構,2
慈悲,2
慈悲為懷,2
慎重,1
慎重處理,2
慎重視,1
慎齋,1
搖頭晃腦,1
搖頭擺尾,1
搶眼,1
敬仰,1
敬佩,2
敬畏,1
敬愛,3
新人孔,1
新人文,1
新人新政,1
新公車路線,1
新公園,1
新公園燈,1
新公館,1
新手爸,1
新手媽媽,1
新手機,1
新方向,1
新水泥,1
新水溝,1
新火車站,1
新市民,1
新市府,1
新市長,1
新立,1
新地點,1
新年新人新政,1
新式公車,1
新式水溝,1
新式路燈,2
新式躺椅,1
新住宅,1
新形態,1
新改建,2
新材質,1
新車車頂,1
新車站,1
新制度,1
新垃圾箱,1
新夜市,2
新奇,1
新奇體驗,1
新居民,1
新房子,2
新房屋,2
新招牌,1
新明,1
新版公車,1
新版幸福,2
新社會,1
新型垃圾桶,1
新型燈泡,1
新建大樓,1
新建公園,1
新建民宅,1
新建房屋,1
新建物,1
新建屋,1
新建候車亭,1
新建案,1
新建築物,1
新政府,1
新政策,1
新柏油,2
新派出所,1
新重劃區,1
新風華,2
新風貌,2
新食品工廠,1
新效率,1
新時代,1
新校門,1
新氣象,2
新消息,2
新益,1
新站牌,1
新草,1
新國小,1
新排水溝,1
新措施,1
新廁所,1
新華廈,1
新街,1
新鈔,1
新業務,1
新資訊,1
新路口,1
新路線,1
新路樹,1
新路燈,1
新道路,1
新電桿,1
新電線桿,1
新團隊,1
新潮,1
新輪胎,1
新樹,1
新樹木,1
新樹苗,1
新樹種,1
新橋,1
新燈,1
新燈具,1
新燈座,1
新穎,1
新餐廳,1
新總統,1
新鮮,1
新鮮水果,1
新鮮空氣,1
新醫院,1
新鎮,1
新警局,1
新麵包,1
新鐵皮,1
新鐵絲,1
新觀念,1
楚楚可憐,1
極熱心,3
準時,1
準確,1
準確地,2
準確時間,2
準確無誤,2
溫文爾雅,1
溫文儒雅,3
溫存,1
溫和,1
溫柔,1
溫情,1
溫順,1
溫暖感受,1
溫馴,1
溫馨,1
溫馨景緻,2
溺愛,1
滑板高手,1
照理,1
照實,1
照舊,1
照顧小孩,1
照顧台中子弟,1
照顧台中市民,1
照顧市民,1
照顧年長者,1
照顧有錢人,1
照顧花草,1
照顧弱者,1
照顧單位,1
照顧媽媽,1
照顧屬下,1
瑕不掩瑜,3
當之無愧,1
當仁不讓,1
當天才,1
當心,1
當地美食,1
當地特色,1
當紅,1
當面,1
當眾,1
睹物思人,1
節省,1
節省人事,1
節省水,1
節省成本,1
節省時間,1
節省能源,1
節省經費,1
節約,1
節約能源,1
節儉,1
節慶日,1
節慶假日,1
經典例子,1
經常性,1
經費已核,1
經濟活力,2
經濟效益,2
經濟效應,2
經濟能力,2
經濟農作物,1
經濟寬裕,1
經驗豐富,1
羨慕,2
義正詞嚴,1
義務,1
聖潔,1
腳踏車步道,1
腳踏實地,1
萬人空巷,1
萬不得已,1
萬全,1
萬馬奔騰,3
萬眾矚目,3
萬無一失,3
萬籟俱寂,2
萬變不離其宗,2
落落大方,2
補助招牌,1
補助金額,1
補助政策,1
補助款,2
補助經費,2
補貼租金費用,1
補貼費用,1
補償,1
補償費用,1
補償農民,1
補償道路,1
裝備完善,1
詳細,1
詳備,1
詳實情況,1
詳盡,1
詼諧,1
誇獎,3
誠心,2
誠心希望,2
誠心誠意,3
誠實,2
誠摯,3
誠摯地,1
誠摯建議,1
誠懇,2
資深,2
資優學生,1
路人權利,1
路人權益,1
路不拾遺,3
路平改善,2
路安全,1
路段品質,1
路段美觀,1
路段重新,1
路面補丁,1
路面補釘,1
逼真,2
過問,1
道路美景,1
道路美觀,1
道路重新,1
道路秩序,1
道謝,2
雍容華貴,1
頌揚,3
頑強,1
馴服,1
鼎鼎大名,1
鼓舞人心,2
鼓勵方式,1
鼓勵,1
鼓勵綠色,1
像話,1
像樣,1
像樣子,1
嘉許,3
嘉獎,3
嘖嘖稱羨,1
嘖嘖稱讚,3
團結,1
團隊人員優質,2
團隊力量,1
團隊夥伴,1
團體人員,1
團體公司,1
夢時代,1
夢寐以求,1
夢想,1
實用,1
實用功能,1
實在,1
實至名歸,1
實事求是,1
實施得力,1
實實在在,1
實際,1
實際上,1
實質上,1
實質用處,1
實質性,1
實質效果,1
實質效益,1
實質經濟效益,1
寧靜,1
寧靜休息,1
寧靜海觀音亭,1
寧靜區,1
嶄新,1
嶄新道路,1
徹底溝通,1
徹底監工,1
徹底檢查,1
徹底檢修,1
徹底檢討,1
慇勤,1
慢車道權益,1
慢條斯理,1
慷慨,1
敲邊鼓,1
旗幟鮮明,1
暢快,2
暢通,1
榮幸,1
榮譽榜,2
滴水不漏,1
滴水穿石,1
滾瓜爛熟,2
滿心歡喜,1
滿足,2
滿足人民,1
滿足民眾,1
滿足好奇心,1
滿面春風,1
滿腔熱血,2
滿腔熱忱,3
滿腔熱情,2
滿意,1
滿意市府,2
滿意度,1
滿意建設局,3
滿意處理,3
滿懷激情,1
漂亮,1
漂亮水,1
漂亮候車亭,1
漂亮路,1
漂亮環境,1
熙熙攘攘,3
犒賞,2
盡心竭力,2
盡可能,1
盡如人意,1
盡孝,1
盡善處理,1
盡善盡美,2
福人,1
福兄,1
福幼,1
福如東海,3
福址,1
稱已,1
稱心如意,3
稱心如願,3
稱許,3
稱頌,1
稱讚,3
窩心,2
竭誠邀請,1
端正,1
端莊,1
端端正正,1
管用,1
管理,1
精力充沛,1
精力,1
精巧,1
精打細算,1
精壯,1
精明,1
精采,1
精美,1
精神百倍,2
精神抖擻,2
精神煥發,2
精神飽滿,2
精密,1
精彩,1
精彩可比,2
精湛,3
精華地段,1
精準,1
精準掌握,2
精製,1
精確,1
精確資料,2
精緻,1
精選,1
精闢,1
綠色,1
綠色政策,1
綠色草皮,1
綠色草皮景觀,1
綠色草地,1
綠色草坪,1
綠色捷運,1
綠色廊道,1
綠建築,1
綠建築物,1
綠森林,1
綠植物,1
綠園地,1
綠園地人行道,1
綠資源,1
綠電,1
綠綠草地,1
綠蔭大道,1
綠蔭大樹,1
綠蔭視覺效果,1
綠樹,1
維修,1
維護,1
網開一面,2
綺麗,2
綽約多姿,1
綿密,1
聚焦,1
聚精會神,1
聞名,1
蓋工程,1
蓋公車站牌,1
認了,1
認可,2
認命,1
認真,1
認真了解,1
認真打掃,1
認真地,1
認真努力,1
認真改善,1
認真處理,1
認真選擇,1
誘人,1
說一不二,1
說白了,1
說好話,2
說得通,1
豪放,1
豪放不羈,1
豪爽,1
豪華,1
豪華型,1
豪邁,1
赫赫有名,2
輕手輕腳,1
輕巧,1
輕而易舉,1
輕快,1
輕易,1
輕柔,1
輕盈,1
輕輕地,1
輕輕鬆鬆,1
輕鬆,1
遠大,1
遠大抱負,1
遠近馳名,2
酷愛,2
需要,1
頗為重要,1
領高薪,1
領情,1
領導力,1
魂牽夢繫,1
鳳毛麟角,3
齊文件,1
齊全,1
齊整,1
價值千金,3
價值性,1
價值連城,2
價格便宜,2
儉省,1
儉樸,1
嘴快,1
嘻嘻哈哈,1
墮入情網,1
墮入愛河,1
嫻淑,2
嫻熟,2
嬌媚,1
嬌貴,1
嬌艷,1
審慎,1
寬大,1
寬宏大量,3
寬厚,1
寬容,1
寬恕,1
寬敞,1
寬廣人行道,2
寬廣空地,1
寬闊安全,2
寬鬆,1
廠商效率,1
廣場公益愛心,1
彈性,1
慕名,1
慧貞,1
慧眼獨具,1
慶幸,2
慶祝,2
慶賀,2
憐愛,3
摯愛,2
撐腰,1
撐檯面,1
數一數二,2
樂不可支,3
樂天,1
樂於,1
樂善好施,2
樂意,1
樂融融,1
樂觀,1
標準,2
標緻,3
模範公務人員,1
模範父親,2
歎為觀止,1
毅然決然,2
潔淨,1
澄清,1
熟悉,1
熟悉路,1
熟稱,1
熟練,1
熟練地,1
熟識,1
熱,1
熱心,3
熱心人士,2
熱心公益,2
熱心民眾,2
熱心協助,2
熱心處理,2
熱血,1
熱烈,1
熱情,1
熱情洋溢,1
熱愛生命,2
熱愛模型,1
熱誠,1
熱誠社區,1
熱鬧,1
熱鬧地方,1
熱鬧地點,1
熱鬧氣氛,1
熱點,1
獎金機制,1
獎得主,1
獎罰分明,3
獎賞,2
獎勵,2
獎勵金,2
獎勵容積率,1
璀璨,1
璀璨奪目,3
確切,1
確切無疑,1
確切答案,1
確有其事,1
確定,1
確定不移,2
確定性,1
確實,1
確實可靠,2
確實打掃,2
確實改善,2
確實保障,2
確確實實,1
磕頭,1
膜拜,1
蓬勃,1
蓬勃向上,1
衛生,1
調整,1
談吐不俗,2
請求重新,1
賞心悅目,1
賞罰分明,1
賞罰嚴明,1
賞識,1
賠償金額,1
質量好,1
質樸無華,2
趣味盎然,2
踏實,1
踏踏實實,2
輝煌,1
適用,1
適合,1
適宜,1
適度,1
適得其所,3
適量,1
適當,1
適當獎勵,2
鄭重,1
鄭重其事,1
銳利,1
銷魂,1
鋒利,1
震天動地,2
震古爍今,3
震撼人心,3
靠得住,1
鞏固,1
駕輕就熟,2
鴉雀無聲,1
凝神,1
器宇不凡,3
器宇軒昂,3
學而不厭,1
學者風格,1
學者專家,1
學習營,1
學習環境,1
學富五車,1
學識淵博,1
憨厚,1
戰鬥,1
戰戰兢兢,1
擁戴,3
據實,1
整飭,1
整齊,1
整齊辛苦,1
整齊美觀,1
整齊重視,1
整齊劃一,3
整齊線,1
整潔,1
整整齊齊,1
整體美觀,1
整體衛生品質,1
樸素,1
樸實,1
樸實無華,1
樹木茂密,2
樹木景觀,1
樹王,1
樹葉茂盛,1
機動,1
機動調整,1
機密處理,1
機智,1
機警,1
機靈,1
歷史性,1
激動人心,1
激進,1
濃艷,1
燈火通明,1
燈光氛圍,1
燈光亮度,1
獨出心裁,3
獨具特色,3
獨具慧眼,3
獨特文化,2
積極,1
積極行動,2
積極作為,2
積極改善,2
積極協助,2
積極處,2
積極處理,2
積極設置,2
積極提案,2
積極態度,2
積極管理,2
積極調查,2
縝密,1
興旺,1
興高采烈,2
興盛,1
興隆,1
興趣盎然,1
蕭灑,1
融洽,1
親切,1
親切友好,1
親切熱忱,2
親愛的,1
親熱,1
諧和,1
諧調,1
踴躍,1
醍醐灌頂,2
醒目,1
醒目效果,2
鋼鐵,1
錦簇花團,3
隨心所欲,1
隨手,1
隨和,1
隨便,1
隨遇而安,3
靜音措施,1
靜悄悄,1
靜態,1
靜態創意市集,1
靜態街頭藝人,1
頭等,1
頭腦清醒,1
頭頭是道,3
默許,1
默認,1
龍飛鳳舞,2
優先,1
優住戶,1
優秀,1
優秀人才,2
優秀團隊,2
優良,1
優良公廁,1
優良服務,1
優良品質,1
優良建築物,1
優良範例,1
優良樹種,1
優良環境,1
優典,1
優柔,1
優美,1
優美人潮,1
優美風景,1
優美動聽,1
優異,1
優勝,1
優渥,1
優等,1
優等表現,2
優越,1
優雅,1
優質,1
幫助父親,1
懂事,2
懇切,1
懇切期望,2
懇請,1
懇請儘速,2
應有,1
戲劇化,1
戲劇性,1
檢點,1
燦爛,1
燦爛奪目,1
環保局效率,1
環境市容,1
環境生態,1
環境美感,1
瞧得上眼,1
瞧得起,1
矯健,1
矯捷,1
繁花似錦,1
繁茂正值,1
繁華,1
繁華局面,1
繁華社區,1
繁榮地方,2
繁榮性,1
繁榮便利,1
繁榮南區,1
繁榮都市,1
繁榮景,1
聰明,2
聰明伶俐,2
聰明絕頂,3
聰明過人,2
聰敏,2
聰銘,1
聰慧,2
聰穎,2
聲名大噪,1
聲音效果,1
聲情並茂,2
聲勢浩大,2
膽大,1
膽敢,1
膾炙人口,3
舉止大方,2
舉止文雅,2
舉止端莊,2
舉足輕重,3
謙卑,3
謙虛,3
謙虛謹慎,2
謙遜,1
講求,1
講究,1
講理,1
講禮貌,1
謝天謝地,3
謝謝,3
豁朗,1
豁達,1
鍥而不捨,3
鍾愛,2
鞠躬,1
鮮明,1
點問題,1
點頭,1
嚮往,2
擾攘,1
斷然,1
檯面上,1
禮時,1
禮盒,1
禮節性,1
禮遇,2
禮貌,1
禮貌性,1
簡明扼要,1
簡易,1
簡便,1
簡便淋浴,1
簡約,1
簡要,1
簡略,1
簡單,1
簡單化,1
簡單明瞭,1
簡短,1
簡潔,1
簡樸,1
繞圈子,1
藍帶,1
謹言慎行,2
謹慎,1
謹慎處理,2
謹慎態度,2
謹慎審核,2
豐沛雨量,3
豐富,2
豐腴,1
鞭辟入裡,2
寵愛,1
懷念,1
瀟灑,1
癡心妄想,1
癡迷,1
癡情,1
癡戀,1
穩如泰山,3
穩固,1
穩定,1
穩重,1
穩健,1
穩紮穩打,2
穩當,1
繪聲繪影,1
藝術,1
藝術人文氣息,1
藝術作品,1
藝術倉庫,1
藝術氣息,1
藝術園區,1
藝術裝置物,1
證明專業,2
贊同,3
贊成,3
邊際效用,1
關切,1
關心,2
關注,1
關愛,2
關照,2
關鍵,1
關懷,2
關懷弱勢,2
難能可貴,3
願意,2
嚴肅,1
嚴謹,1
嚴謹規範,1
嚴謹審核,1
寶貴,3
爐火純青,3
競爭力,2
耀眼,1
警方以柔性,1
釋放善意,2
飄逸,1
飄飄欲仙,1
屬實,1
櫻花,1
爛漫,1
躊躇滿志,2
躍躍欲試,1
鐵打,1
鐵定,1
鐵杵磨成針,1
鐵面無私,1
露骨,1
響噹噹,1
顧及,1
顧全,1
顧慮民眾權益,2
顧慮色彩問題,1
顧慮行人,2
鶴立雞群,2
權利金,1
權利問題,1
權利責任,1
權利義務,1
權威性,1
權益,1
權貴人家,1
歡天喜地,3
歡欣鼓舞,1
歡迎,1
歡笑來源,1
歡喜,3
歡樂,3
歡樂天堂,2
歡樂場景,2
歡聲雷動,1
歡騰,3
歡歡喜喜,3
灑脫,1
戀愛,3
戀戀不捨,1
變通,2
顯目,1
顯而易見,3
顯見,1
顯然問題,1
顯著改善,2
顯貴,1
顯赫,1
顯耀,1
驚喜,1
體已達成,2
體面,1
體態輕盈,2
艷麗,1
靈巧,1
靈光,1
靈活,1
靈敏,1
靈驗,1
矚目,1
讚美,3
讚許,3
讚揚,3
讚歎,3
讚賞,3
讚譽有佳,3